Date,MaxTemp_Astore,PeakMaxTemp_Astore,SummerMaxTemp_Astore,MinTemp_Astore,Precip_Astore,MaxTemp_Bunji,PeakMaxTemp_Bunji,SummerMaxTemp_Bunji,MinTemp_Bunji,Precip_Bunji,MaxTemp_Chilas,PeakMaxTemp_Chilas,SummerMaxTemp_Chilas,MinTemp_Chilas,Precip_Chilas,MaxTemp_Chitral,PeakMaxTemp_Chitral,SummerMaxTemp_Chitral,MinTemp_Chitral,Precip_Chitral,MaxTemp_Darosh,PeakMaxTemp_Darosh,SummerMaxTemp_Darosh,MinTemp_Darosh,Precip_Darosh,MaxTemp_Dir,PeakMaxTemp_Dir,SummerMaxTemp_Dir,MinTemp_Dir,Precip_Dir,MaxTemp_Gilgit,PeakMaxTemp_Gilgit,SummerMaxTemp_Gilgit,MinTemp_Gilgit,Precip_Gilgit,MaxTemp_Gupis,PeakMaxTemp_Gupis,SummerMaxTemp_Gupis,MinTemp_Gupis,Precip_Gupis,MaxTemp_Quetta,PeakMaxTemp_Quetta,SummerMaxTemp_Quetta,MinTemp_Quetta,Precip_Quetta,MaxTemp_Skardu,PeakMaxTemp_Skardu,SummerMaxTemp_Skardu,MinTemp_Skardu,Precip_Skardu,MaxTemp_Zhob,PeakMaxTemp_Zhob,SummerMaxTemp_Zhob,MinTemp_Zhob,Precip_Zhob,MaxTemp_Balakot,PeakMaxTemp_Balakot,SummerMaxTemp_Balakot,MinTemp_Balakot,Precip_Balakot,MaxTemp_Ghari Dupatta,PeakMaxTemp_Ghari Dupatta,SummerMaxTemp_Ghari Dupatta,MinTemp_Ghari Dupatta,Precip_Ghari Dupatta,MaxTemp_Cherat,PeakMaxTemp_Cherat,SummerMaxTemp_Cherat,MinTemp_Cherat,Precip_Cherat,MaxTemp_Islamabad,PeakMaxTemp_Islamabad,SummerMaxTemp_Islamabad,MinTemp_Islamabad,Precip_Islamabad,MaxTemp_Kakul,PeakMaxTemp_Kakul,SummerMaxTemp_Kakul,MinTemp_Kakul,Precip_Kakul,MaxTemp_Kotli,PeakMaxTemp_Kotli,SummerMaxTemp_Kotli,MinTemp_Kotli,Precip_Kotli,MaxTemp_Murree,PeakMaxTemp_Murree,SummerMaxTemp_Murree,MinTemp_Murree,Precip_Murree,MaxTemp_Muzaffarabad,PeakMaxTemp_Muzaffarabad,SummerMaxTemp_Muzaffarabad,MinTemp_Muzaffarabad,Precip_Muzaffarabad,MaxTemp_Parachinar,PeakMaxTemp_Parachinar,SummerMaxTemp_Parachinar,MinTemp_Parachinar,Precip_Parachinar,MaxTemp_Saidu Sharif,PeakMaxTemp_Saidu Sharif,SummerMaxTemp_Saidu Sharif,MinTemp_Saidu Sharif,Precip_Saidu Sharif,MaxTemp_Panjgur,PeakMaxTemp_Panjgur,SummerMaxTemp_Panjgur,MinTemp_Panjgur,Precip_Panjgur,MaxTemp_Dalbandin,PeakMaxTemp_Dalbandin,SummerMaxTemp_Dalbandin,MinTemp_Dalbandin,Precip_Dalbandin,MaxTemp_Kalat,PeakMaxTemp_Kalat,SummerMaxTemp_Kalat,MinTemp_Kalat,Precip_Kalat,MaxTemp_Khuzdar,PeakMaxTemp_Khuzdar,SummerMaxTemp_Khuzdar,MinTemp_Khuzdar,Precip_Khuzdar,MaxTemp_Nokkundi,PeakMaxTemp_Nokkundi,SummerMaxTemp_Nokkundi,MinTemp_Nokkundi,Precip_Nokkundi,MaxTemp_Sibbi,PeakMaxTemp_Sibbi,SummerMaxTemp_Sibbi,MinTemp_Sibbi,Precip_Sibbi,MaxTemp_Barkhan,PeakMaxTemp_Barkhan,SummerMaxTemp_Barkhan,MinTemp_Barkhan,Precip_Barkhan,MaxTemp_Badin,PeakMaxTemp_Badin,SummerMaxTemp_Badin,MinTemp_Badin,Precip_Badin,MaxTemp_Chhor,PeakMaxTemp_Chhor,SummerMaxTemp_Chhor,MinTemp_Chhor,Precip_Chhor,MaxTemp_Hyderabad,PeakMaxTemp_Hyderabad,SummerMaxTemp_Hyderabad,MinTemp_Hyderabad,Precip_Hyderabad,MaxTemp_Jaccobabad,PeakMaxTemp_Jaccobabad,SummerMaxTemp_Jaccobabad,MinTemp_Jaccobabad,Precip_Jaccobabad,MaxTemp_Jiwani,PeakMaxTemp_Jiwani,SummerMaxTemp_Jiwani,MinTemp_Jiwani,Precip_Jiwani,MaxTemp_Karachi,PeakMaxTemp_Karachi,SummerMaxTemp_Karachi,MinTemp_Karachi,Precip_Karachi,MaxTemp_Mohin Jodaro,PeakMaxTemp_Mohin Jodaro,SummerMaxTemp_Mohin Jodaro,MinTemp_Mohin Jodaro,Precip_Mohin Jodaro,MaxTemp_Nawabshah,PeakMaxTemp_Nawabshah,SummerMaxTemp_Nawabshah,MinTemp_Nawabshah,Precip_Nawabshah,MaxTemp_Ormara,PeakMaxTemp_Ormara,SummerMaxTemp_Ormara,MinTemp_Ormara,Precip_Ormara,MaxTemp_Padidan,PeakMaxTemp_Padidan,SummerMaxTemp_Padidan,MinTemp_Padidan,Precip_Padidan,MaxTemp_Passni,PeakMaxTemp_Passni,SummerMaxTemp_Passni,MinTemp_Passni,Precip_Passni,MaxTemp_Rohri,PeakMaxTemp_Rohri,SummerMaxTemp_Rohri,MinTemp_Rohri,Precip_Rohri,MaxTemp_Bahawalnagar,PeakMaxTemp_Bahawalnagar,SummerMaxTemp_Bahawalnagar,MinTemp_Bahawalnagar,Precip_Bahawalnagar,MaxTemp_Bahawalpur,PeakMaxTemp_Bahawalpur,SummerMaxTemp_Bahawalpur,MinTemp_Bahawalpur,Precip_Bahawalpur,MaxTemp_D.I Khan,PeakMaxTemp_D.I Khan,SummerMaxTemp_D.I Khan,MinTemp_D.I Khan,Precip_D.I Khan,MaxTemp_Faisalabad,PeakMaxTemp_Faisalabad,SummerMaxTemp_Faisalabad,MinTemp_Faisalabad,Precip_Faisalabad,MaxTemp_Jhelum,PeakMaxTemp_Jhelum,SummerMaxTemp_Jhelum,MinTemp_Jhelum,Precip_Jhelum,MaxTemp_Khanpur,PeakMaxTemp_Khanpur,SummerMaxTemp_Khanpur,MinTemp_Khanpur,Precip_Khanpur,MaxTemp_Kohat,PeakMaxTemp_Kohat,SummerMaxTemp_Kohat,MinTemp_Kohat,Precip_Kohat,MaxTemp_Lahore,PeakMaxTemp_Lahore,SummerMaxTemp_Lahore,MinTemp_Lahore,Precip_Lahore,MaxTemp_Lasbella,PeakMaxTemp_Lasbella,SummerMaxTemp_Lasbella,MinTemp_Lasbella,Precip_Lasbella,MaxTemp_Mianwali,PeakMaxTemp_Mianwali,SummerMaxTemp_Mianwali,MinTemp_Mianwali,Precip_Mianwali,MaxTemp_Multan,PeakMaxTemp_Multan,SummerMaxTemp_Multan,MinTemp_Multan,Precip_Multan,MaxTemp_Peshawar,PeakMaxTemp_Peshawar,SummerMaxTemp_Peshawar,MinTemp_Peshawar,Precip_Peshawar,MaxTemp_Risalpur,PeakMaxTemp_Risalpur,SummerMaxTemp_Risalpur,MinTemp_Risalpur,Precip_Risalpur,MaxTemp_Sargodha,PeakMaxTemp_Sargodha,SummerMaxTemp_Sargodha,MinTemp_Sargodha,Precip_Sargodha,MaxTemp_Sialkot,PeakMaxTemp_Sialkot,SummerMaxTemp_Sialkot,MinTemp_Sialkot,MaxTemp_AVERAGE,PeakMaxTemp_AVERAGE,SummerMaxTemp_AVERAGE,MinTemp_AVERAGE,National_MaxTemp,National_MinTemp,National_Precip
1961-12-31,15.802675371223758,35.0,23.6292270531401,3.6978259941969625,0.0,23.621401547555532,45.55555556,35.18719806760869,12.385144649373771,53.95331707317073,26.450016356602376,44.44444444444444,34.93659420289855,14.245683990442053,77.978,,,,,0.0,23.816273169482844,43.89,34.69239130434782,11.722534114183306,585.4,21.844688542825363,38.88888888888889,29.408212560386474,8.352176286408767,0.0,23.986552483358935,45.0,33.97184782608696,8.863524449564773,23.368,18.662666090629802,40.0,29.148478260869563,7.656156810035842,112.9,23.829415002560165,39.4,33.43043478260869,6.779724782386073,215.1,18.301665528816066,38.333333333333336,28.393719806763283,5.475717557034762,73.914,25.716419184161122,41.66666666666667,34.981884057971016,12.277091511634524,239.52707999999998,25.061967421915003,36.11,32.061290322580646,12.053076804915515,1208.488064516129,24.915212351368265,41.111111111111114,33.707729468599034,12.921954116174547,1465.997054765,23.047167463162086,39.44444444444444,34.37769396551724,14.605315831122283,622.8679999999999,27.447520481310804,44.4,36.38586956521739,14.279039938556068,1147.61,22.689693918188542,37.22222222222222,30.772946859903385,12.526081669226832,1544.918,27.725710445468508,43.333333333333336,36.080917874396135,15.908559481140125,1757.69551381879,15.519752052010118,30.555555555555557,23.925120772946862,6.658568015019628,1812.2185625,26.781920265119194,41.66666666666667,34.96376811594203,13.91752005461683,810.50631706,21.407597350230414,35.56,29.29978260869565,8.970349974398362,1406.92,24.85324500768049,41.0,33.92391304347826,11.753411418330773,0.0,29.715147849462365,43.9,38.55760869565218,14.101219918074756,109.6,30.891853558627755,46.1,40.642391304347825,13.60588645673323,346.60999999999996,21.703028673835124,36.7,30.082608695652173,5.997016129032257,306.9,27.511632744495646,41.0,35.93478260869565,13.758806963645673,0.0,32.26657258064516,47.8,41.53913043478261,17.201178315412186,6.699999999999999,34.51835253456221,48.3,43.604891304347824,19.71167946748592,338.2,30.622903225806454,41.0,36.09782608695652,17.81994623655914,0.0,,,,,0.0,33.48279441884281,43.9,37.776630434782604,17.61300627240143,644.0,33.896727150537636,45.56,38.66543478260869,20.417177675371224,336.15999999999997,33.70897693007908,47.77777777777778,42.1256038647343,19.87326477783467,182.08751999999998,29.977022529441886,37.77777777777778,33.69565217391305,21.617596859532345,144.96542,31.18854540023895,42.22222222222222,34.1183574879227,20.160114069522674,623.18,,,,,0.0,33.74910906298003,46.1,40.73478260869565,18.32030785970302,252.24,,,,,0.0,35.99358358934972,47.2,43.881521739130434,18.201536738351255,249.39999999999998,30.53912826420891,40.6,33.82391304347826,20.94867447516641,165.1,34.31328469022017,46.1,41.80869565217392,20.452989631336404,0.0,33.05164063812084,38.88888889,40.905797101630434,18.64237355635205,222.54,32.22413846607395,45.0,42.32556750298686,17.391207526881722,249.25,31.706303225806455,45.0,40.82254244482173,15.438109062980029,904.3665625,27.960330030721963,42.22,38.443448028673835,16.233997055811574,262.512,30.84246287762417,45.0,38.119565217391305,17.31804346589293,627.202,32.74822566422029,45.0,40.507246376811594,17.26960303237185,622.82,28.440234397223648,45.0,37.95893719806763,17.434471966205837,0.0,30.16401305683564,45.0,38.51358695652174,,200.914,,,,16.490083288702127,74.806,30.958282130056325,43.88888888888889,39.229390681003586,17.906365562951585,485.754,32.60545030437503,46.111111111111114,40.537340619307834,15.853729305342208,0.0,28.38738479262673,43.88888888888889,38.13405797101449,,254.176,,,,16.441507367582638,137.424,30.619353416396425,45.55555555555556,39.34178743961353,16.607975143136432,3972.188,30.25083205325141,46.111111111111114,39.7905905905906,17.127130921524657,30.541527953192823,44.513888888888886,39.18904549114332,,27.921208044870582,14.591927684707349,460.7121743006129
1962-12-31,15.580378477555897,1.196114146933819,23.375603864734302,3.8064836149513575,309.88,23.621401547555532,41.66666667,32.149758453695654,12.385144649373771,122.55499999999999,26.450016356602376,44.44444444444444,34.93659420289855,13.713471439949934,136.652,,,,,0.0,23.97058531746032,42.22,33.13989130434783,11.269844214029698,525.18,21.844688542825363,38.88888888888889,29.408212560386474,8.352176286408767,0.0,23.057923323092677,42.78,31.425,7.738881528417818,139.065,17.76156797235023,35.56,26.116956521739134,6.865092741935484,150.79999999999998,23.60672811059908,38.3,32.5945652173913,6.309053379416283,230.1,17.497471838197644,36.111111111111114,26.708937198067634,5.0394371906468685,154.432,25.66995221027479,40.55555555555556,34.67391304347826,11.841152500426693,240.28907999999998,25.061967421915003,40.0,33.17076086956522,12.053076804915515,1320.05,25.33003001080958,42.77777777777778,34.36292270531401,12.747496728679524,1135.949383102,23.047167463162086,40.55555555555556,32.31884057971015,14.605315831122283,848.1659999999999,28.125611239119305,45.0,36.87391304347826,14.129836789554531,1050.85,23.287047704386413,38.88888888888889,31.304347826086957,12.54463218979348,932.962,28.69784377311259,45.0,37.179951690821255,16.091685867895546,1172.37019966626,16.873670137111,31.666666666666668,24.613526570048307,7.867977328326791,1382.649,27.241903481822835,43.88888888888889,35.591787439613526,13.942026511918984,716.244495389,21.28809114183308,35.56,29.039891304347826,8.824769265232975,903.51,24.85324500768049,41.0,33.92391304347826,11.753411418330773,0.0,29.715147849462365,43.3,38.20108695652174,14.101219918074756,68.5,30.540813492063492,45.0,39.903260869565216,12.692343830005122,37.8,22.376922915793884,37.2,29.440217391304348,4.52321044546851,39.5,27.511632744495646,41.0,35.93478260869565,13.758806963645673,0.0,31.618175883256527,45.0,40.40217391304348,16.262279505888376,5.4,35.294992319508445,50.6,44.17771739130435,18.785353302611366,125.10000000000001,30.622903225806454,41.0,36.09782608695652,17.81994623655914,0.0,,,,,0.0,34.363299411162316,47.2,39.53804347826087,17.68932347670251,212.52,34.31582578084997,47.78,40.14472826086956,20.664858294930877,417.41,34.358442495875295,23.33181542197936,42.48943236714976,20.29256060201473,0.0,29.654022301871763,40.55555555555556,33.556763285024154,21.099782386072707,98.806,25.81643802981169,35.27777777777778,30.745772946859905,19.906251777891562,0.0,,,,,0.0,34.83984190988223,47.8,42.404347826086955,18.278358934971838,95.52,,,,,0.0,34.48220622119816,48.3,42.93913043478261,18.90335960790028,86.3,30.405948540706603,43.9,34.49021739130435,20.94867447516641,180.0,34.31328469022017,46.1,41.80869565217392,20.452989631336404,0.0,33.05164063812084,38.88888889,40.905797101630434,18.64237355635205,243.3,32.22413846607395,47.22222222222222,41.70415959252971,17.272291410650283,281.01,31.519696620583716,46.67,38.76826086956522,17.371635688684076,775.43,28.595173991972263,46.11,39.25706521739131,16.233997055811574,197.438,30.84246287762417,47.2,39.334782608695654,17.49514991181658,578.972,33.419436621721566,46.666666666666664,41.6183574879227,16.88852619901007,570.25,28.955271804062125,45.0,37.971014492753625,17.35024641577061,0.0,30.47663786482335,46.1,39.03260869565217,,279.4,,,,16.490083288702127,104.32,30.958282130056325,46.66666666666667,41.13217592592593,17.906365562951585,267.792,32.60545030437503,47.77777777777778,41.55797101449276,16.02729063548956,0.0,28.88332053251408,45.0,38.07367149758454,,463.252,,,,16.41666311088354,789.98,30.689871707344825,47.22222222222222,39.6316425120773,16.607975143136432,4647.978,30.25083205325141,46.111111111111114,39.39009661835749,17.046246256049603,31.068528966580427,46.058888888888895,39.702411158688335,,27.932758669370706,14.48590061032399,408.10522515106027
1963-12-31,15.358081583888037,32.22222222222222,23.1219806763285,3.915141235705752,348.488,24.42893411875947,42.77777778,34.462560386739135,12.647198754224968,86.614,27.189800591682314,45.0,37.28260869565217,14.087913181999204,133.858,,,,,0.0,24.448114183307734,41.11,32.95293478260869,12.219144969278034,664.4000000000001,21.844688542825363,38.88888888888889,29.408212560386474,8.352176286408767,0.0,24.345384856630826,43.33,34.49880434782609,8.041201228878647,87.503,18.95273079877112,38.33,29.051956521739132,7.26039196108551,118.0,25.273665514592935,39.4,33.59130434782609,7.545387864823348,151.29999999999998,18.024104653808955,37.22222222222222,28.26086956521739,5.090704471752859,126.492,26.816155345053193,41.66666666666667,35.042270531400966,13.019155003698016,389.001,25.183375896057345,37.78,32.86228260869565,11.869004352278546,1398.0,25.506066166012403,39.44444444444444,33.92512077294686,12.539063220352615,1193.873966434,23.047167463162086,39.44444444444444,32.503019323671495,14.605315831122283,635.9031249999999,28.69727534562212,42.8,36.72934782608696,14.636073348694316,969.02,23.835748421232292,36.111111111111114,30.399074074074075,12.925448028673836,451.438,28.919735307504126,42.22222222222222,36.19565217391305,16.02873072765546,922.6553185346,17.692446094327817,29.444444444444443,24.7463768115942,8.631108835409911,1467.231,27.58260439779257,41.111111111111114,35.42270531400966,14.054865733629176,784.3792485,21.305934995112413,35.56,28.42736842105263,9.709220430107527,1124.44,24.85324500768049,41.0,33.92391304347826,11.753411418330773,0.0,30.9971351766513,45.0,38.36630434782609,15.096127112135177,90.8,31.96664234511009,46.1,40.38804347826087,14.07589541730671,75.6,22.807508320532516,36.1,30.217391304347824,8.401552995391706,60.9,27.511632744495646,41.0,35.93478260869565,13.758806963645673,0.0,33.6433544546851,48.3,41.83641304347826,18.395661802355352,39.2,35.9374706744868,52.8,44.893478260869564,18.899453360877164,7.6,30.622903225806454,41.0,36.09782608695652,17.81994623655914,0.0,,,,,0.0,34.6462980030722,45.6,39.016304347826086,18.595142409114185,80.9,34.775811251920125,46.67,39.31130434782609,21.29481624423963,102.47,35.00790806167151,49.44444444444444,42.85326086956522,20.71185642619479,19.16684,29.687522678209906,23.33029751062538,33.490338164251206,21.25113899710613,0.0,31.585836604653807,40.55555555555556,33.72584541062802,21.00633284974683,44.59,,,,,0.0,35.68446748591909,48.3,42.49673913043478,19.16927995391705,22.139999999999997,,,,,0.0,35.432108934971836,48.3,43.131521739130434,20.94668697729988,16.2,30.272768817204298,38.3,32.99891304347826,20.94867447516641,32.4,34.31328469022017,46.1,41.80869565217392,20.452989631336404,0.0,33.05164063812084,45.55555556,40.905797101630434,18.64237355635205,152.38,33.97853729305343,45.55555555555556,41.04468599033817,17.585069060419865,266.335,32.03600377624168,45.56,39.36630434782609,17.686473566308244,588.91,29.230017953222568,44.44,36.73363146551724,16.01595184022812,97.586,30.671336030333528,45.6,38.88478260869565,18.051331285202252,500.59,34.09949792342265,46.666666666666664,41.56702898550724,17.445806309381577,285.32,29.58648375718268,44.44444444444444,37.880434782608695,17.636886840757807,0.0,31.200958781362004,44.4,38.790217391304346,,352.806,,,,16.490083288702127,101.262,31.62092119350184,46.111111111111114,40.06038647342995,19.22064733355056,380.12,33.868252416639514,47.22222222222222,40.7518115942029,16.313367611082665,0.0,29.359863031234,44.44444444444444,37.69927536231884,,220.518,,,,16.880276782158504,667.786,31.486036439665472,45.0,39.03985507246377,15.63720150816925,3708.888,30.587017124651535,44.44444444444444,38.31219806763285,17.40400560423274,31.73867359464197,44.29916666666667,39.46173990463544,,28.614263054134163,14.995193741286684,351.2419351568259
1964-12-31,15.891987324736677,33.333333333333336,24.933574879227056,3.971465208256087,377.44399999999996,23.624002663995366,43.33333333,31.527777777826085,12.386923399194528,127.25399999999999,25.833609703511446,46.11111111111111,35.55555555555555,13.651516087834219,180.34,,,,,0.0,23.202901340996167,43.33,32.56,11.055171455938698,700.25,21.844688542825363,38.88888888888889,29.408212560386474,8.352176286408767,0.0,23.079126004202198,42.78,31.08695652173913,7.7517309356074655,158.369,17.989593220862687,38.33,26.056413043478262,7.064693733778273,110.4,23.61305241935484,40.0,33.3095652173913,5.977681158076876,179.4,17.006545338441892,37.22222222222222,24.909420289855074,4.534165190403603,237.48999999999998,25.801107883931394,41.66666666666667,34.58333333333333,11.769653181175244,262.382,24.753463756025212,40.56,31.78728260869565,11.684931899641576,1289.85,24.66181971738145,42.77777777777778,32.65458937198068,12.330629712025706,1333.366548783,23.047167463162086,41.111111111111114,31.714975845410628,14.605315831122283,409.842,28.173123841305156,44.4,35.65217391304348,13.846645964652083,709.6,23.19893503069254,40.0,30.30193236714976,11.763894038643762,1224.35,28.291725030555213,43.888888888888886,35.32608695652174,15.770042845960532,1042.3521415889,16.69093059503701,32.22222222222222,23.16425120772947,7.972883107430754,1756.5369999999998,26.836620593526415,45.0,34.21497584541063,13.453077150194318,840.44870373,21.683250308985293,41.67,29.039565217391303,9.690396905652745,1350.5,24.85324500768049,41.0,33.92391304347826,11.753411418330773,0.0,29.069995056235324,43.9,38.45652173913044,13.798216536892843,126.3,30.1866493634903,47.8,40.80326086956522,12.363285131627734,96.0,22.853790632903536,36.1,30.078881720430108,7.679900246706699,63.5,27.511632744495646,41.0,35.93478260869565,13.758806963645673,0.0,31.329736744530962,48.3,41.96739130434783,15.80190891113583,114.9,35.27753834226582,50.0,43.370652173913044,19.013553419142962,157.65,30.622903225806454,41.0,36.09782608695652,17.81994623655914,0.0,,,,,0.0,34.144186750710666,44.7,38.40108695652174,17.175621369422817,326.11,34.610805747567845,22.78,39.27831521739131,21.11996386968766,0.0,33.96720807756218,46.66666666666667,42.10144927536232,19.80707130007278,48.93056,29.721023054548052,32.7762598664238,33.42391304347826,21.402495608139546,0.0,31.416333649184963,42.77777777777778,34.24516908212561,20.060909584037134,137.6,,,,,0.0,34.25388085527129,47.2,41.38695652173913,17.73627363737486,264.04,,,,,0.0,34.02087319243604,47.2,41.952173913043474,17.028650970213818,176.5,30.26578698553949,42.8,33.84782608695652,20.697328007550478,28.799999999999997,34.31328469022017,46.1,41.80869565217392,20.452989631336404,0.0,29.601748856605486,45.55555556,39.716183574565214,17.513799626471116,269.24,33.474384260975846,46.111111111111114,40.71557971014493,16.918138240019776,380.6,31.61052159807193,47.22,39.32353260869565,16.81748628105302,920.87,29.86486191447287,46.67,37.73510869565217,15.797906624644666,123.72800000000001,30.500209183042887,45.6,37.625,16.842769400843185,365.034,33.1823476702509,46.666666666666664,40.69444444444444,16.949798472926023,801.04,28.882774413271264,46.111111111111114,36.878019323671495,17.095281176615995,0.0,30.382717216660485,45.6,37.43478260869565,,486.91799999999995,,,,16.490083288702127,174.57399999999998,31.262017811285517,47.77777777777778,39.51086956521739,17.213277098010135,346.34799999999996,31.995751452230873,45.55555555555556,39.7463768115942,15.608551682939892,0.0,28.757158159271622,46.111111111111114,37.143719806763286,,311.644,,,,16.15917377332839,922.14,31.005614949395078,47.77777777777778,38.580917874396135,18.35437449017427,5285.084,31.61871832900754,45.55555555555556,37.59661835748793,16.620976109871503,30.82837204805843,45.42811965846154,38.658713845510576,,27.93219445525157,14.356835575499485,448.47640655744254
1965-12-31,14.835040109233658,33.333333333333336,21.89009661835749,3.5979333788473578,567.6899999999999,23.436990664770388,12.210078929174864,31.9202898551087,11.717139336265397,0.0,25.8136911873471,46.11111111111111,35.55555555555555,13.713386101154917,154.94,,,,,0.0,22.952760496671786,42.78,33.04690217391305,10.98537467997952,909.42,21.844688542825363,38.88888888888889,29.408212560386474,8.352176286408767,0.0,23.266903545826935,43.89,32.94076086956522,7.7555104966717865,268.859,17.783411034306194,38.89,28.025652173913045,6.9777805939580135,110.2,22.41028238607271,37.78,31.066358695652173,10.89816372247824,231.44,19.002304147465438,38.88888888888889,27.33695652173913,6.151744014647241,81.53399999999999,25.5821101439381,40.0,34.14855072463768,12.250359134095694,287.40099999999995,24.320555107526882,38.89,32.04706521739131,11.500859447004608,1415.06,24.547366587017123,40.0,32.77777777777778,12.016203703703704,1489.033369125,23.047167463162086,34.44444444444444,28.716350496838302,14.605315831122283,577.402,27.943162442396314,42.2,35.368478260869566,13.667433435739888,852.03,22.693423934687374,38.333333333333336,29.85507246376812,12.304058570859645,1247.6979999999999,27.982921573647378,42.22222222222222,35.42270531400966,15.717464584400068,966.1494953496,16.427742931103147,30.0,23.417874396135264,7.795489133526768,1944.4969999999998,26.50209791204415,42.22222222222222,34.43840579710145,13.297857285088469,796.53036914,22.436396103896104,36.11,28.876956521739128,10.263540860215054,1954.28,24.85324500768049,41.0,33.92391304347826,11.753411418330773,0.0,29.94280017921147,44.4,37.7304347826087,14.526064388120838,98.8,31.298505504352278,46.7,40.70434782608696,13.246542498719919,176.9,22.90007294527456,36.1,31.965573770491805,6.958247498021692,30.5,27.511632744495646,41.0,35.93478260869565,13.758806963645673,0.0,34.25278611500701,46.7,40.69565217391305,17.422417434715822,51.0,35.010264627845274,51.7,43.98145161290322,19.12765347740876,85.4,30.622903225806454,41.0,36.09782608695652,17.81994623655914,0.0,,,,,0.0,34.32425243215566,43.3,38.43695652173913,17.943263568868407,143.2,34.445800243215565,45.56,39.245326086956524,20.945111495135688,86.62,34.39017963816351,47.77777777777778,42.2524154589372,19.868475137964385,16.972279999999998,29.754523430886195,42.22222222222222,33.35748792270531,21.553852219172967,135.93,31.398421943448824,41.11111111111111,33.520531400966185,20.841045826932923,130.34,,,,,0.0,35.004307475678445,47.2,41.77989130434783,18.48206541218638,53.67,,,,,0.0,34.51566317071879,42.8,39.371875,17.54624039938556,76.3,30.440723886328726,40.6,33.58695652173913,20.15867476609412,51.1,34.31328469022017,46.1,41.80869565217392,20.452989631336404,0.0,32.46072637551645,44.44444444,39.69806763304348,18.013899556238268,153.19,33.45877425044092,47.77777777777778,40.320048309178745,17.032589157706095,259.52,31.439100614439326,45.56,39.06722826086956,17.979569998500107,609.0,31.834660406288673,43.89,36.988175837320576,15.976604582693293,133.45,30.71275409626216,46.1,38.17717391304348,17.171577203163224,644.8919999999999,33.31847371565113,44.44444444444444,40.380434782608695,16.668149428230073,441.17,28.6007922284804,45.0,36.624396135265705,16.657187980030724,0.0,28.196570660522273,44.4,37.94021739130435,,383.804,,,,16.368236900494967,546.2,31.106332138590204,46.111111111111114,38.53864734299517,20.29142034787196,506.412,33.30094726062468,45.0,39.88526570048309,14.429405421340904,0.0,28.417441827388064,45.0,36.61533816425121,,395.026,,,,15.914003385105536,305.054,30.791364425100983,45.55555555555556,38.26086956521739,17.769229004484423,4367.488,31.05521918293053,41.66666666666667,37.93329350856233,16.890509937945268,30.95987230550865,43.9343434340404,38.613763259703454,,28.069228261243435,14.635407793317789,439.557453955826
1966-12-31,14.932187660010241,33.333333333333336,23.6292270531401,3.846852420777152,414.274,23.24997866554541,42.77777778,32.31280193239131,11.047355273336265,278.003,25.5007893838539,45.0,35.416666666666664,13.37476887409683,214.37599999999998,,,,,0.0,23.418544098822323,43.33,34.08228260869566,11.378621991807476,679.6800000000001,21.844688542825363,38.88888888888889,29.408212560386474,8.352176286408767,0.0,22.74415725806452,42.78,32.00445652173913,7.56710343061956,228.6,17.704977534562214,37.78,27.294999999999998,6.604646185355864,202.1,24.39023662314388,40.0,33.77717391304348,4.0006660906298,159.31,17.141687290208797,36.66666666666667,25.791062801932366,5.047892842919725,221.488,26.273322381521307,41.66666666666667,35.132850241545896,10.805261813642586,304.5587,15.319682987711214,38.89,32.27021739130435,11.649488095238095,869.49,24.932941486032885,40.55555555555556,33.2487922705314,12.413448682937931,1322.85910244,23.047167463162086,40.55555555555556,32.18599033816425,14.605315831122283,510.60999999999996,28.49665002560164,41.7,36.36195652173913,13.18433819764465,953.24,23.45157734539455,36.66666666666667,30.356280193236717,12.51252346816863,1764.06,28.56300847698697,41.666666666666664,36.03864734299517,15.654392103316836,1125.29151886632,16.91888547533709,30.0,24.064009661835748,8.09928780896523,1612.3919999999998,27.16246017522899,42.22222222222222,34.98792270531401,13.433805541332424,1037.87303916,21.77617341417543,36.67,29.372065217391306,8.734810503564537,727.86,24.85324500768049,41.0,33.92391304347826,11.753411418330773,0.0,30.19414490527394,44.4,38.63695652173913,14.228663594470047,44.199999999999996,31.467553123399895,47.2,41.05,12.70074756784434,77.1,22.94635525764558,35.6,30.420108695652175,6.236594749336685,69.8,27.511632744495646,41.0,35.93478260869565,13.758806963645673,0.0,32.48702444956477,47.8,41.57065217391305,16.4989452124936,27.9,36.385286738351255,49.4,44.692934782608695,19.241753535674558,73.8,30.622903225806454,41.0,36.09782608695652,17.81994623655914,0.0,,,,,0.0,34.57704813108039,46.1,38.756521739130434,17.072281105990786,79.4,34.67558275729647,47.78,39.818695652173915,20.681417562724015,81.53,34.490054474597486,47.77777777777778,42.47584541062802,19.65443832849747,22.45614,29.709640778407042,24.993944898577052,33.37157809983897,21.43307433341796,0.0,31.732455766057914,43.33333333333333,34.19685990338164,20.096692410536495,57.7,,,,,0.0,34.59419300208874,49.4,42.207608695652176,18.006788594470045,65.81,,,,,0.0,35.010453149001535,48.3,42.971739130434784,17.173494623655916,76.7,30.789605734767026,42.2,34.199999999999996,20.1171095750128,2.3,34.31328469022017,46.1,41.80869565217392,20.452989631336404,0.0,31.871002652828864,46.11111111,39.089814814295835,17.884152585765488,241.54,34.858166922683054,48.333333333333336,41.256038647343,16.842041410650282,247.2,31.700052163338455,45.0,39.975869565217394,16.5108167562724,1839.3899999999999,30.975521121351765,43.89,38.514021739130435,15.867548963133641,39.928,31.135411866359448,45.6,38.60978260869565,16.658381821285047,460.74199999999996,33.349508914025044,47.22222222222222,41.3064713064713,16.903741395004836,536.72,29.03557916595551,45.0,37.43357487922706,16.926304403481822,0.0,30.98266577060932,45.0,38.55978260869565,,240.53799999999998,,,,16.794045485577744,174.952,31.857651334129827,46.66666666666667,40.21739130434783,17.24292754736303,364.202,32.27175072537975,45.55555555555556,40.30193236714976,15.457444387551917,0.0,29.244531205552715,45.0,37.80797101449276,,298.979,,,,15.370417491608352,488.91825,28.600148631734655,45.0,33.70169082125604,17.184083518794576,5028.286,30.49172003685352,42.22222222222222,36.29032258064516,16.915398313709186,30.932692806542978,44.305648148518515,37.73852864625951,,28.01071967082537,14.199943162573055,430.8547546382652
1967-12-31,14.679396370256585,32.22222222222222,22.40640096618358,3.9027635546452757,-1511.808,23.547380810304404,43.88888889,32.97101449315217,12.521409370052682,198.501,25.887470131421747,45.0,35.477053140096615,13.228163935825227,213.868,,,,,0.0,22.832655593958012,41.11,32.79315217391304,11.066093445980544,777.57,21.844688542825363,38.88888888888889,29.408212560386474,8.352176286408767,0.0,23.117901369687658,43.33,32.645434782608696,7.877365655401945,190.373,19.188954196341292,39.44,27.222445652173914,7.9357947912302755,244.9,23.936850806451613,40.0,32.98576086956522,7.403466013824885,264.83,17.226922967514366,38.88888888888889,26.370772946859905,5.3518731865506055,264.668,25.24613841952552,40.55555555555556,34.21497584541063,12.171381635091313,344.29954,6.318810867895546,31.67,0.0,11.798116743471581,21.21,25.02030352164761,41.111111111111114,33.73792270531401,12.204926893098936,1334.34861017,22.257008448540706,39.44444444444444,31.805555555555557,13.53844157137168,1181.374,28.18517921146953,43.9,36.49782608695652,15.082879486105293,1115.69,22.85327700972862,33.88888888888889,29.539473684210527,12.945970463948774,738.418,28.17109361665813,42.77777777777778,36.20169082125604,15.956164305626672,636.66294556076,16.34512560319012,30.555555555555557,23.8768115942029,7.97550421004722,1754.632,27.042253370882406,43.333333333333336,35.36835748792271,13.706334983216705,1203.44404547,16.9085311827957,36.11,22.9104,6.9318077572964665,766.49,24.85324500768049,41.0,33.92391304347826,11.753411418330773,0.0,30.068327572964666,45.0,37.50108695652174,14.765360983102918,139.4,31.099040578597027,47.2,40.11630434782609,13.255713645673323,79.0,23.019119047619046,36.7,29.41304347826087,6.527761904761904,88.4,27.511632744495646,41.0,35.93478260869565,13.758806963645673,0.0,31.87655977982591,47.8,40.356521739130436,17.002915386584743,25.1,35.670303763440856,49.4,43.88532608695652,19.355853593940356,295.9,30.622903225806454,41.0,36.09782608695652,17.81994623655914,0.0,,,,,0.0,33.71134344598054,44.4,39.029347826086955,18.147700972862264,253.32,33.80259600614439,45.0,39.345,20.938776433691757,352.99,33.65871237981453,49.44444444444444,41.998792270531396,20.258805541332425,160.91154,29.664758125927893,33.05252800484408,33.38566827697262,21.31229644766295,0.0,31.19965366672356,43.33333333333333,34.74033816425121,20.312660010240656,714.37,,,,,0.0,34.1806592421915,48.9,41.52608695652174,18.665073604710702,388.94,,,,,0.0,33.98906938044035,48.9,42.08369565217391,17.78393113159242,335.5,30.65673323092678,42.8,34.575,20.464473886328726,89.1,34.31328469022017,46.1,41.80869565217392,20.452989631336404,0.0,27.78278328569239,45.55555556,39.899311449520376,18.076186209250725,409.97,33.30741167434716,46.66666666666667,41.04468599033817,17.487177140064237,445.83,31.368968894009218,46.67,40.76097826086957,16.61645167690732,667.2,30.77249404761905,46.11,39.23646739130435,16.328335893497183,139.596,30.50052483358935,46.1,38.81956521739131,16.975681999203506,824.346,32.87717613927291,47.77777777777778,41.14734299516908,16.95503712237583,449.77,28.402055953803266,45.0,37.48792270531401,17.63383768561188,0.0,31.245837871805612,45.0,38.75,,441.452,,,,16.939036098310293,309.348,31.363312140865904,47.22222222222222,40.73067632850241,17.567709222279117,547.486,31.7121095750128,47.22222222222222,40.531400966183575,15.522043010752688,0.0,28.27169383284975,45.0,36.97463768115942,,544.672,,,,16.210761933208172,713.6447499999999,30.879665187460887,46.111111111111114,39.67391304347826,16.598938033104726,5728.858,29.928220890776508,46.111111111111114,40.086111111111116,16.536283222421616,30.26578347893074,43.541709401709404,38.55233428906045,,27.383718434718602,14.530093700582436,442.3069524296436
1968-12-31,14.918954874414645,33.333333333333336,23.707729468599037,3.628173965585905,628.65,23.97672621435882,11.687917428934426,33.174315620434776,12.682839553507156,0.0,26.166251253107017,46.666666666666664,36.16545893719807,13.97447953144097,141.986,,,,,0.0,22.6913860462242,42.22,32.57489130434782,10.789260474601411,730.1,21.844688542825363,38.88888888888889,29.408212560386474,8.352176286408767,-292.052,23.48754963517665,43.89,33.21217391304348,7.92080341141833,79.24799999999999,17.77967803732542,40.0,27.72380434782609,6.911424298603387,151.0,23.812406377456437,40.0,32.70510869565217,5.5886224817698675,235.38,16.21316427156249,37.77777777777778,25.35,4.126337531788033,96.77399999999999,25.93598511377525,42.22222222222222,34.68599033816425,12.141431151210535,204.89926,0.0,0.0,0.0,11.946745391705068,0.0,24.779832529971575,41.66666666666667,33.182367149758456,12.672856246422837,1177.4774794732,22.088249944757177,37.77777777777778,31.11111111111111,13.326861495938248,596.45375,28.020099029786184,43.9,35.68586956521739,13.722488258558892,1191.55,22.764212387126737,37.77777777777778,30.193236714975846,13.379417459728916,1191.315,28.18141384803417,42.77777777777778,35.60990338164251,15.512599825283928,1472.66039164688,16.45707507655969,30.555555555555557,23.42995169082126,8.060047858388607,1560.195,27.084167593622542,43.88888888888889,34.42028985507247,13.443857372389076,784.767330705,20.21710669262143,36.67,27.854891304347827,9.282214930169323,765.74,24.85324500768049,41.0,33.92391304347826,11.753411418330773,0.0,30.630880696364564,45.0,40.12580645161291,14.621654185867895,0.0,30.9149959831912,46.7,39.81956521739131,13.08922351996045,64.1,22.26186256334198,36.1,29.893478260869564,6.642933808127356,0.0,27.511632744495646,41.0,35.93478260869565,13.758806963645673,0.0,31.691076195773082,46.7,39.86304347826087,17.068076566555433,36.3,35.6345624768261,51.1,44.58695652173913,19.469953652206154,45.7,30.622903225806454,41.0,36.09782608695652,17.81994623655914,0.0,,,,,0.0,34.377607625549295,43.9,39.42457516339869,17.587415315959532,20.400000000000002,34.43199008157212,45.56,40.03358695652174,20.412362625139043,15.68,34.11883402683365,49.44444444444444,42.608695652173914,19.63160198574548,19.362419999999997,29.61987547344874,41.11111111111111,33.39975845410628,21.19151856190794,57.35828,31.324209684285695,40.55555555555556,34.30857487922705,20.539615347642787,30.34,,,,,0.0,35.093178995179834,46.7,42.77173913043478,17.897154708935854,5.91,,,,,0.0,34.99758867877889,48.3,43.56413043478261,17.54275954764553,13.3,30.733132492893336,40.6,34.65380434782609,20.458240236466043,73.0,34.31328469022017,46.1,41.80869565217392,20.452989631336404,0.0,23.69456391855591,41.66666667,37.74074074111111,17.328696837363875,194.29,33.56649191831802,46.66666666666667,41.33454106280193,16.53045476455321,188.76,30.72550151402793,46.11,37.965,16.619822549746633,636.3,30.663782752440984,45.56,38.334021739130435,15.73831125492972,56.193999999999996,30.01604543769171,45.6,38.21739130434783,15.852257824194234,559.384,33.365418022768786,45.0,41.292270531400966,16.73195182575976,435.83000000000004,28.321981557011224,46.111111111111114,36.878019323671495,17.340797491039428,0.0,30.200313620071682,44.4,37.7304347826087,,305.308,,,,17.017474834864526,125.30199999999999,31.629118087312378,48.88888888888889,39.89734299516908,17.75153763097543,325.43,32.326798294401186,47.22222222222222,40.64009661835748,15.498791524190116,0.0,28.202232590395365,47.22222222222222,36.908212560386474,,301.34999999999997,,,,15.79309829852099,969.7819999999999,30.917162759719304,46.111111111111114,38.13405797101449,16.01379254741488,4097.93,29.364721744699498,44.44444444444444,37.420634920634924,15.597834726969106,29.980076032864222,41.52861111111111,36.69313720817564,,27.250480327224505,14.310512733621891,357.2862020708348
1969-12-31,15.160301814871708,35.0,24.14251207729469,3.7281354895602212,447.67499999999995,24.406071618413232,27.78840315946721,33.37761674771739,12.84426973696163,0.0,26.82595863913068,46.11111111111111,36.781400966183575,14.273805968026396,74.29499999999999,,,,,0.0,24.303562660010243,42.78,34.19086956521739,11.425213261648745,519.89,23.002741508789896,37.77777777777778,30.48913043478261,8.803187403993856,1018.54,23.857197900665643,43.89,33.701521739130435,7.964241167434715,107.442,18.33212109575013,40.56,28.17065217391304,7.221797811059908,675.8,25.69729057859703,41.11,34.71032608695652,6.123645097286226,107.53,17.825514166239973,40.0,27.17391304347826,5.476954969562496,188.468,26.999288843374867,41.11111111111111,35.036231884057976,13.115360271946294,131.76012,0.0,0.0,0.0,12.095374039938557,0.0,25.48417676509074,41.66666666666667,34.009661835748794,12.711508647664564,1089.6277253198,26.135125448028674,37.77777777777778,31.896135265700483,13.50040278068334,426.46599999999995,29.13208525345622,43.3,36.54347826086956,14.016717869943676,760.148125,26.004958183990443,36.66666666666667,31.189613526570046,15.014516129032259,1857.796,29.157933663310008,43.333333333333336,35.91183574879227,16.116231438812083,889.49892677364,17.50966106275246,30.0,24.14855072463768,8.910227143426068,1389.634,28.325972862263185,42.77777777777778,36.1292270531401,13.788804261250498,855.930476849,20.812193269096493,36.11,28.76771739130435,9.10180310012568,609.415,24.85324500768049,41.0,33.92391304347826,11.753411418330773,0.0,31.193433819764465,45.0,38.75108695652174,14.477947388632872,67.3,31.749407962109576,46.1,40.73913043478261,13.319486047107015,17.5,23.771004747940232,37.2,30.613586956521736,6.758105711492808,48.3,27.511632744495646,41.0,35.93478260869565,13.758806963645673,0.0,32.51443708397338,47.8,41.37717391304348,17.133131080389145,11.3,35.352339119555864,51.1,44.41249299719888,19.414037791423578,93.9,30.622903225806454,41.0,36.09782608695652,17.81994623655914,0.0,,,,,0.0,35.46865240478839,45.0,39.643478260869564,18.517555407684025,8.0,35.521101190476195,46.11,40.45913043478261,21.285861047107016,4.77,35.610527962678496,50.0,43.242753623188406,20.41421317630995,5.29414,29.828091886506254,27.696513002364068,33.535628019323674,21.464742895905324,0.0,32.15233330488707,40.0,34.59541062801932,20.266676622859418,38.9,,,,,0.0,36.208575428827444,48.3,42.8320652173913,17.730000523669876,1.51,,,,,0.0,35.90969150025602,48.3,43.45108695652174,18.17356246799795,164.79999999999998,30.668673526140154,41.1,34.49728260869565,20.45200658660336,11.2,34.31328469022017,46.1,41.80869565217392,20.452989631336404,0.0,32.76141761951618,45.55555556,39.85507246391305,17.890766342379248,181.04999999999998,33.87915787529943,20.68306010928962,41.58665458937198,17.35232206861239,310.44,32.0179212109575,46.11,39.31173913043478,17.469291730670765,701.32,31.45436571940604,45.0,38.83532608695652,16.826102150537633,14.578,31.28483870967742,46.7,38.19673913043478,18.296044158947385,0.1371311475409836,35.41073949944917,47.77777777777778,41.52777777777778,17.35580637314045,458.58,29.190964252363496,16.836672738312085,37.89855072463768,18.142798259088583,0.0,31.15705581157194,45.0,38.607608695652175,,8.38,,,,17.012942130978374,278.83799999999997,32.65237241850145,47.22222222222222,40.61594202898551,18.010617568413267,0.0,32.963503441998064,46.111111111111114,40.30797101449276,16.141185924788076,0.0,29.326424446720143,45.55555555555556,37.22222222222223,,540.862,,,,16.500506699095407,0.0,31.83652820447175,47.22222222222222,39.08816425120773,15.428647061725034,2496.278,29.48865978498904,46.6666666666667,39.99493752497185,17.042647016690122,31.941634543482632,44.95262626272727,39.34838353341299,,28.351741489566844,14.752946021846494,307.65099342759214
1970-12-31,15.629455396256473,34.44444444444444,23.943236714975846,4.004028702281391,147.862,24.83541702246765,43.88888889,33.580917875,13.005699920416104,199.771,27.361733373158103,45.0,36.53381642512077,14.546114951356886,189.48399999999998,,,,,0.0,25.411991743471585,43.33,35.12695652173913,12.33873649513569,451.75,24.658683610296517,38.88888888888889,31.684782608695652,10.598892147279244,920.3,24.111799731182796,42.78,32.57277173913044,7.378940796210958,175.387,19.470207501280083,38.33,28.097826086956523,7.9906926523297495,122.35,25.806965117767536,40.56,35.85168478260869,6.68597567844342,137.64,19.131003584229394,37.77777777777778,27.28796296296296,6.976151685829105,110.0,26.825667064914374,40.55555555555556,36.268115942028984,12.726901632815611,321.36842,0.0,0.0,0.0,12.244002688172044,23.6,26.373926153496047,42.77777777777778,35.229468599033815,12.734866587017125,1030.21237439,24.686124978665305,40.55555555555556,33.75061728395062,13.673944065428431,256.6633333333333,29.388696876600104,43.9,37.645108695652176,14.207995391705069,335.0581818181818,24.017821585025885,37.77777777777778,31.968599033816428,13.306032030494398,1159.57,29.594157137167887,44.44444444444444,37.43961352657005,16.476151362576093,1097.6658825920001,17.084408335466804,30.555555555555557,25.887978142076506,8.772158751493428,1169.81,29.177330460260567,45.55555555555556,37.64492753623188,13.896071570802754,568.5841616,21.327511730205277,36.11,29.8975,9.484493157380255,471.3475,24.85324500768049,41.0,33.92391304347826,11.753411418330773,0.0,30.445076484895036,44.4,39.0,14.839551971326166,172.79999999999998,31.596533538146442,46.1,41.38260869565217,13.994697900665642,91.9,23.00117234504053,33.3,31.19980535279805,7.251046874272681,128.7,27.511632744495646,41.0,35.93478260869565,13.758806963645673,0.0,32.00382628124564,48.3,42.260908319185056,16.499768887026953,93.1,35.07011576228563,51.1,44.69929166666667,19.358121930640998,109.8,30.622903225806454,41.0,36.09782608695652,17.81994623655914,0.0,,,,,0.0,34.445893497183825,47.2,39.50217391304348,18.42388984895033,246.82,35.27000220814132,24.06288888888889,39.80353260869565,21.127127816180234,264.16,34.68598381407521,49.44444444444444,43.28429951690821,20.665319024862036,99.37241999999999,30.036308299563768,39.44444444444444,33.671497584541065,21.73796722990271,268.68628,31.852791458527136,42.22222222222222,34.88526570048309,20.316429140353872,504.15999999999997,,,,,0.0,35.15535906298003,47.8,42.43043478260869,18.143133320532517,169.52,,,,,0.0,35.07315284178187,48.9,43.28913043478261,18.102960189452126,86.3,30.60421455938697,40.0,34.60536140157769,20.44577293674068,151.9,34.31328469022017,46.1,41.80869565217392,20.452989631336404,0.0,26.4985364395957,46.66666667,39.981884057228264,18.959124139500485,220.79,34.191823832280825,47.22222222222222,41.83876811594203,16.903702555509007,189.38,31.61440748498813,45.56,40.0745875,17.507201804915514,775.74,31.911458845366102,47.78,40.24173913043478,16.78781073988735,137.982,31.696456733230928,46.7,39.65652173913043,17.91168857029072,425.06,34.2010866473232,47.77777777777778,42.28260869565217,17.979660920521138,302.7471875,30.05994694771577,47.22222222222222,38.919082125603865,18.108790962621608,0.0,31.328958653353812,46.1,39.54184782608696,,52.4,,,,17.008409427092225,169.264,33.13312140865904,48.333333333333336,41.78743961352657,18.230717073448258,360.5,33.15883476986971,47.05555555555556,40.63647342995169,16.442456761677192,0.0,29.862608095807023,45.0,39.181763285024154,,253.81199999999998,,,,16.52000839164818,880.64,32.406233998975935,47.22222222222222,40.64311594202899,14.843501576035187,3771.858,29.612597825278584,37.22222222222222,26.200716845878137,17.292901975138136,31.095549243799777,45.60787878797981,39.89954221137562,,28.244120362992263,14.902750336453707,348.441032245065
1971-12-31,16.293129054001476,5.555555555555555,24.74788647342995,4.530596348970932,0.0,25.24977243006631,45.55555556,35.41062801923913,12.810473844578304,82.55,27.694090644023444,46.666666666666664,37.96497584541063,14.789810547875064,79.24799999999999,,,,,0.0,25.823946876600104,42.78,35.470652173913045,12.840711789554533,300.78,23.783811941742048,36.66666666666667,30.211352657004834,9.540144791488878,875.8,24.686939068100358,43.33,34.84923913043478,7.640153865847414,106.80699999999999,19.873637416794676,39.44,29.872934782608695,8.325800115207374,101.8,25.485198572708654,39.44,35.22380434782609,6.480347990271377,62.480000000000004,19.272444103089267,40.0,29.124396135265698,5.996806906753143,47.5,28.123058542413386,40.55555555555556,35.64009661835748,13.476811121972412,370.79427999999996,26.035968637992834,39.44,32.113586956521736,12.39263133640553,1426.97,26.127164210194042,40.0,32.820048309178745,12.592586628053157,979.0972023964,23.237124509301932,37.77777777777778,31.189613526570053,13.847485350173523,476.9,28.870980289594517,41.7,34.83804347826087,13.657684221445345,1079.84,24.10901643159708,36.66666666666667,29.541062801932366,13.522994926220735,972.64,28.930888940876887,23.333333333333332,37.17693236714976,16.14136242650564,976.748659103594,16.659155608181145,29.444444444444443,23.134057971014496,8.63409035956079,1208.16,28.79495576605792,42.22222222222222,34.93357487922706,13.697886442510098,703.756444414462,21.35865060745706,35.0,29.58898333333333,9.488533654517525,358.08,24.85324500768049,41.0,33.92391304347826,11.753411418330773,0.0,30.03961117511521,42.8,38.727717391304346,14.35978046594982,16.1,31.46275409626216,45.6,41.34891304347826,13.232747695852536,21.8,22.23133994214083,36.1,31.569021739130434,7.743988037052553,29.099999999999998,27.511632744495646,41.0,35.93478260869565,13.758806963645673,0.0,32.33867447516641,46.7,41.8,16.661433371735793,0.0,34.7878924050154,41.7,44.5393428030303,19.30220606985842,0.0,30.622903225806454,41.0,36.09782608695652,17.81994623655914,0.0,,,,,0.0,34.8571269444003,44.4,37.9570652173913,17.940021974739718,125.28999999999999,35.01890322580645,45.56,39.147934782608694,21.0101113031234,56.17,34.68628036638789,46.66666666666667,42.119565217391305,19.88319963588781,67.41414,29.721681903527475,22.819039198349543,33.83152173913044,21.25852394783151,0.0,31.78945141377937,42.22222222222222,33.61111111111111,20.22935512317233,47.5,,,,,0.0,35.62552291346646,46.1,41.89891304347826,17.88461213517665,18.0,,,,,0.0,35.36166570660522,46.7,42.57826086956521,17.971141193036356,53.3,30.53975559263379,41.1,34.713440194459736,20.439539286878,0.0,34.31328469022017,46.1,41.80869565217392,20.452989631336404,82.8991466776,29.836071286258065,45.55555556,40.03623188445653,17.568585237940077,264.59999999999997,33.22706713835746,45.55555555555556,40.37610828145633,17.188583301331285,285.58,32.060974398361495,45.56,38.78630434782609,17.165284690220172,614.64,31.34099763184844,45.0,37.868478260869566,17.485977517106548,180.13600000000002,32.20712086300796,43.9,36.81195652173913,17.32782613642829,371.54,34.38502375263128,45.55555555555556,41.243961352657,17.539102947033054,385.83,30.034885788246005,43.88888888888889,37.53019323671498,17.904809907834103,0.0,31.025145929339477,43.3,37.03913043478261,,156.65,,,,16.568837570355463,96.63000000000001,32.25825689625745,45.55555555555556,40.26570048309179,18.04438292939637,364.11,33.094010105535645,45.833333333333336,40.22161835748792,16.12634053023838,0.0,29.59169120157023,42.77777777777778,36.908212560386474,,303.058,,,,16.104799596063035,775.99,32.05994339193264,45.0,38.73792270531401,14.25835609034534,3941.046,29.736535865568126,42.77777777777778,35.91183574879227,17.02183307392538,31.384838934676527,43.72564814851852,38.56213891988929,,28.76828445325787,14.743131565026452,341.98768282577885
1972-12-31,16.956802711746477,33.88888888888889,25.55253623188406,5.057163995660473,257.048,23.35614393831911,41.66666667,31.491545893369565,12.615247768740506,192.278,25.512882970103956,42.77777777777778,34.58333333333333,13.207418393551135,216.66199999999998,,,,,0.0,21.40013553780295,40.56,30.446233333333335,9.46840280446287,912.54,20.86209986404647,36.66666666666667,29.34814814814815,7.304343022363045,1530.2,22.090825207020146,41.11,30.956684782608693,7.901743943888271,173.482,18.017381804698825,37.22,25.755,7.3938118785182185,129.5,25.03076624103943,17.203351498637602,35.051521739130436,6.7980027201740905,0.0,16.80801526574608,36.111111111111114,25.054347826086957,5.428624397478679,-2732.8,26.15917807243549,40.55555555555556,35.038314176245215,12.454078393196419,245.93042,21.71284155234211,40.56,21.58815217391304,10.916600633700746,1555.2,25.793666163810112,18.799283154121863,33.451086956521735,12.59460396146357,1156.987167632,20.76758313577001,40.55555555555556,31.06875,12.722471283094196,570.11,29.430575723868273,45.6,37.34782608695652,13.943045320510443,770.14,22.625312418462215,38.333333333333336,31.56487232574189,11.780577527843008,1294.5,28.267620744585887,46.11111111111111,36.914251207729464,15.80657349043519,851.81479970522,16.23390288089549,30.555555555555557,23.75,8.49602196762815,950.4596721311476,27.27871159999451,43.333333333333336,35.8756038647343,13.22554896386932,1209.6043505544792,18.752321451444367,36.11,27.116629166666666,6.871979347423062,955.9499999999999,24.85324500768049,41.0,33.92391304347826,11.753411418330773,0.0,28.086777592386607,42.2,36.68043478260869,14.513734115347019,237.5,29.481947843282658,45.6,39.62173913043478,12.032498455073538,107.7,21.46150753924113,35.6,29.481521739130436,8.236929199832424,2800.5,27.511632744495646,41.0,35.93478260869565,13.758806963645673,0.0,30.631818687430478,47.8,40.267391304347825,15.200022246941046,2.5,34.50566904774516,47.8,44.379393939393935,19.246290209075845,12.7,30.622903225806454,41.0,36.09782608695652,17.81994623655914,0.0,,,,,0.0,35.56038734115347,46.1,39.24891304347826,18.622234017595307,95.91,34.72392859349895,47.78,40.12695652173913,20.544260227413176,14.97,33.98789120971175,51.11111111111111,42.93478260869565,19.411505753992778,20.0787,29.40705550749118,38.888888888888886,33.99154589371981,20.779080665760308,180.69814,31.45245059668493,41.66666666666667,34.78864734299517,20.09455293261374,44.79,,,,,0.0,35.43269589667532,48.9,42.704891304347825,17.23500123594117,6.7,,,,,0.0,34.832860585836116,49.4,43.23478260869565,17.598527067111608,12.100000000000001,30.475296625880606,42.2,34.821518987341776,20.433305637015316,45.1,33.980632801878635,48.3,43.142391304347825,19.85361883574342,31.2832440413,32.20689826838067,46.66666667,41.06280193260869,17.803113713453907,271.67,32.99218782185968,46.111111111111114,41.15338164251208,15.986488505747126,223.5,30.36402984797924,45.89,38.37608695652174,16.61470383759733,749.075,30.674974168829564,47.22,38.98217391304348,16.370655048819675,129.336,30.871101223581757,47.8,39.69456521739131,17.18717299056565,554.1899999999999,33.59756382262871,47.77777777777778,41.95652173913044,16.924729466210742,373.09999999999997,29.252706196185063,46.111111111111114,38.17028985507247,17.758286367568903,0.0,30.839171610431347,47.2,39.27717391304348,,454.51,,,,16.129265713618697,111.95,31.383392383855863,48.333333333333336,40.70652173913044,18.506407231379423,365.4,33.55626341277064,47.77777777777778,41.020531400966185,16.02262287315124,0.0,29.273588452189674,46.66666666666667,38.25483091787439,,368.022,,,,15.684828135514083,580.9,31.48251658221069,48.333333333333336,39.957729468599034,16.155553495653606,4368.348,30.461145099493265,48.88888888888889,39.710144927536234,16.699577804749996,31.219331049556473,46.68384615410256,39.85851325407531,,27.84480676141928,14.26455898400049,414.8543980382251
1973-12-31,14.434541588439437,31.111111111111114,22.560386473429954,3.779299652955567,681.736,24.344537605784883,43.33333333,34.402173912608696,23.75533900841228,325.37399999999997,27.079603316834497,46.11111111111111,37.765700483091784,14.401280793081867,228.85399999999998,,,,,0.0,24.050375128008195,42.22,35.01804347826087,11.924840373783923,572.75,22.6907962109575,39.44444444444444,30.845410628019323,9.04136798088411,1280.9,23.950337103756457,42.22,34.178586956521734,7.795083647535261,334.39099999999996,19.369723502304147,41.11,29.60739130434783,7.701345814132105,163.8,24.576333909370202,39.44,34.87923913043478,7.115657450076804,8.42,17.981293024975823,38.88888888888889,28.1280193236715,4.968303749217728,315.7,26.573227797690166,42.77777777777778,36.020531400966185,12.729433350401093,229.21214,25.110554275473632,42.0,33.141304347826086,12.44286354326677,1647.52,25.460168117426182,42.77777777777778,34.08212560386473,12.596621294873984,1407.7858949498,21.6801324173636,40.55555555555556,31.364734299516908,13.568548387096774,837.17,28.19242447516641,45.6,35.81630434782608,14.868340373783923,1311.0,22.253939807703247,38.333333333333336,29.945652173913043,11.51209677419355,1506.84,28.351258036069865,44.44444444444444,35.591787439613526,16.37124864880241,1247.094715921,15.808650153609833,30.555555555555557,22.48792270531401,8.357953575695511,1731.83,27.88626472094214,43.88888888888889,35.929951690821255,14.164110058599306,1326.144992391172,20.571430875576038,37.78,30.377141666666667,8.897106758832566,964.65,24.85324500768049,41.0,33.92391304347826,11.753411418330773,0.0,29.685689964157707,44.4,38.31576086956522,14.019664618535586,118.0,31.13727854582693,46.1,41.44021739130435,13.501944444444446,51.1,21.602681700740654,36.7,33.58533333333333,8.729870362612298,37.2,27.511632744495646,41.0,35.93478260869565,13.758806963645673,0.0,32.38702796979007,47.2,42.43152173913043,16.267220302099336,25.5,34.223445690474925,47.9,44.277765151515155,19.19037434829327,0.0,30.622903225806454,41.0,36.09782608695652,17.81994623655914,0.0,,,,,0.0,34.76435739887353,46.7,39.268478260869564,17.709248911930363,53.910000000000004,34.55301459293395,46.67,39.47445652173913,21.035170122887866,50.33,34.37753882915173,49.44444444444444,42.86231884057971,19.96140055185754,58.47841999999999,29.66496771348922,41.66666666666667,33.26727053140097,20.82410963190533,71.32828,31.781137992831543,43.88888888888889,34.05193236714976,20.044180605336518,224.88000000000002,,,,,0.0,35.19197877391426,48.3,42.52391304347826,17.136920821114373,5.6,,,,,0.0,34.65711853558628,47.8,42.584782608695654,18.348200204813107,6.1,30.410837659127424,43.9,33.97336956521739,20.427071987152633,0.0,34.1514589733743,48.3,42.629347826086956,20.494625576036867,136.1248747885,32.42091938330466,47.22222222,40.736714975434786,18.501048956022075,346.48,32.986968054844404,45.55555555555556,40.567632850241544,18.300824884792625,436.73,32.08771966205837,46.67,38.72597826086957,15.437003686635943,983.68,31.087704090303156,42.78,42.24209677419355,17.001337045570917,6.6339999999999995,30.487275985663086,47.2,38.16847826086956,17.22823155701122,836.15,33.658237805380466,47.22222222222222,42.21380471380471,17.49661845024748,668.18,28.845401661261878,47.22222222222222,37.77173913043478,18.415981822836663,0.0,30.66586661546339,46.1,38.41304347826087,,553.97,,,,18.061366351688932,99.698,32.70229755310401,50.0,40.658212560386474,20.75690390851681,373.54,34.583853899982934,46.666666666666664,40.29589371980676,16.450393269613702,0.0,29.819608010468226,47.77777777777778,38.671497584541065,,556.206,,,,16.723680093303752,1876.86,31.452057376116517,48.333333333333336,39.81884057971015,16.71965139102236,7114.5779999999995,29.778528048017296,47.22222222222222,37.68115942028986,17.457194097382487,31.11361269879848,46.113240740740736,39.346387333444135,,28.272639164609483,15.011494772608685,570.6005614453791
1974-12-31,16.168771690277065,33.333333333333336,25.41062801932367,4.685483870967742,818.6419999999999,23.738276583051398,42.0,32.05434782608695,11.979275473617863,160.585,27.010469162955722,13.880995749848209,36.43719806763285,11.164334357398873,183.134,,,,,0.0,24.019831029185866,42.0,32.96739130434783,11.207796979006657,581.35,22.666444785799627,36.0,29.72826086956522,7.971635518006486,1030.6,24.17001389470744,42.0,32.45875,7.93411492808267,47.0,19.203635776965587,4.461450068399453,29.752246376811595,7.570613560923071,155.8,21.991909882232463,38.0,30.967391304347824,9.756694828469021,752.78,17.30742020822666,37.0,26.36413043478261,4.638765147636115,385.2,26.921324113587648,41.0,34.858695652173914,13.187147212182749,201.22628,24.988809523809522,40.0,32.25,11.90431899641577,1395.24,25.650051203277012,41.0,32.90217391304348,12.349276753712237,1204.2537577916,22.335202682549408,39.44444444444444,31.06280193236715,13.581611041288461,464.81,28.612083973374297,43.0,36.03260869565217,14.253008192524321,1043.0,22.472524463787906,37.22222222222222,29.535024154589372,10.814203220117198,1161.12,30.09775772316095,43.0,35.77173913043478,16.552423621778463,877.03563999,16.204130397678785,29.444444444444443,22.27657004830918,8.881176395289298,1526.36,28.04850443761734,43.0,35.06521739130435,13.391065028161803,1312.469179437813,19.989656472559698,34.0,27.98875,8.197568775310712,688.45,24.85324500768049,41.0,33.92391304347826,11.753411418330773,382.92,29.175531233998978,43.0,38.33695652173913,14.353174603174603,48.0,30.479006656426012,46.0,40.83695652173913,12.996518177163338,522.4,21.743855862240178,37.0,30.13478260869565,9.22281152539217,0.0,27.511632744495646,41.0,35.93478260869565,13.758806963645673,0.0,31.52529780729496,48.0,40.983695652173914,16.190201725851633,42.849999999999994,33.94122233320469,48.0,44.17613636363637,19.13445848751069,16.7,30.622903225806454,41.0,36.09782608695652,17.81994623655914,186.95947865536,,,,,0.0,34.636196713312614,47.0,39.17733333333334,17.39326650505345,59.51,34.560701484895034,47.0,39.92391304347826,20.89839349718382,32.06,34.308026113671275,47.0,42.57608695652174,19.586827956989247,16.1,30.02111708482676,38.0,33.03260869565217,20.918766001024064,61.4441,31.694623655913976,41.0,34.0,19.84591867212835,37.6,,,,,0.0,35.73118983614952,48.3,43.41195652173913,17.76682603686636,5.03,,,,,0.0,35.17584805427547,48.0,43.57608695652174,17.862400793650796,0.0,30.34637869237424,43.0,36.572079772079775,20.42083833728995,0.5,34.252284946236564,46.0,42.57608695652174,20.072151817716335,38.549317537,32.79929239911783,46.0,39.96135265695652,19.075641204673463,285.11,34.342918431628114,45.0,40.18719806763285,16.946868919610854,285.85,31.498155401945723,46.0,39.06521739130435,16.465387416794673,543.55,31.50043401177675,45.0,38.442282608695656,16.306936763952894,46.492000000000004,30.971655785970302,46.1,38.24673913043478,17.269290123456788,382.8,33.71891178813222,46.111111111111114,41.38888888888889,16.940463389656937,414.51,29.120295698924732,45.0,37.33695652173913,17.666348566308244,0.0,31.144532130056323,46.0,38.141304347826086,,327.54,,,,15.88678955453149,141.56,32.22431515616999,49.0,40.64673913043478,17.500294418842806,190.53,32.76985407066052,46.0,40.233695652173914,15.739285714285714,0.0,29.986514336917566,46.0,38.07608695652174,,288.57,,,,15.822593445980543,569.68,31.760573476702508,47.0,39.09239130434783,16.326221799407282,3669.676,30.16345233569696,45.0,37.86835748792271,15.92282055677052,30.580584453219647,45.413760683760685,39.08639515978834,,28.295147378690526,14.446615806748817,418.25086580392167
1975-12-31,14.961611765375208,32.22222222222222,22.306763285024154,3.8185057176992667,449.8,23.60443548387097,44.0,32.380434782608695,11.600537634408603,75.4,26.941335009076944,44.0,35.108695652173914,12.719112550099759,1470.0249999999999,,,,,0.0,23.037941628264207,42.0,33.26086956521739,11.1806643625192,665.46,21.9969726062468,38.0,29.42391304347826,7.9441884280593955,1304.0,24.389690685658426,43.0,31.902173913043477,8.07314620863008,165.84,19.037548051627027,21.950725034199728,29.897101449275365,7.439881307714039,17.8,23.63026113671275,39.0,33.42391304347826,7.084981147884374,233.22,16.26345366103431,39.0,25.33695652173913,3.988594470046083,311.8,25.507829301075272,40.0,34.33695652173913,11.846300563236047,333.06512,24.688690476190477,40.0,31.83695652173913,11.774577572964668,1596.92,25.03598310291859,42.0,32.641304347826086,12.089247311827956,1281.6749386823,21.13063861864937,40.0,30.57971014492754,13.111948853615521,676.8,28.29998079877112,46.0,35.90217391304348,14.054371479774707,1042.32,21.882014848950334,37.0,28.82608695652174,10.588255248335892,1293.12,28.43739119303635,44.0,35.46739130434783,15.490200972862263,1218.204343050984,16.091667235591967,29.444444444444443,21.896135265700483,8.97163224668601,1266.3700000000001,27.59909434203789,43.0,34.70652173913044,13.359485407066053,1324.2219516542,19.67724479821254,36.0,28.07608695652174,7.9294651584974165,801.5,24.85324500768049,41.0,32.80434782608695,11.753411418330773,909.43,28.812400793650795,42.0,37.95652173913044,14.40512992831541,93.3,30.310221454173064,47.0,40.608695652173914,12.878833845366103,52.9,21.885030023739702,36.0,30.17391304347826,9.715752688172042,225.1,27.511632744495646,41.0,35.93478260869565,13.758806963645673,152.460465379,31.681730030721965,48.0,41.94565217391305,15.56555619559652,14.799999999999999,33.65899897593446,48.0,42.64673913043478,19.07854262672811,239.5,26.856387608806966,42.0,34.98913043478261,14.946722990271377,307.9843716638528,,,,,0.0,34.40428187403994,45.0,39.65760869565217,17.52234383000512,243.72,34.15361623143881,45.0,39.891304347826086,20.99260752688172,145.70000000000002,33.783973374295954,48.0,42.76086956521739,19.847247823860727,232.96624,30.082142023373017,43.0,33.549676991628,20.918561187916026,88.80828,31.47637608806964,43.0,34.22826086956522,20.25700204813108,178.7,,,,,0.0,34.44170122887865,48.0,42.48913043478261,17.809253072196622,167.22,,,,,0.0,34.19211078397906,48.0,42.869565217391305,17.928458947298555,158.5,30.28191972562106,39.0,33.30434782608695,20.414604687427268,44.5,33.53376216077829,47.0,42.27717391304348,20.242674731182795,273.7458481391,32.604454685099846,45.0,39.91304347826087,19.579482420208226,315.37,33.61948498037208,45.0,40.38647342995169,17.8511836196062,451.433125,30.598014464925754,47.0,37.72858695652174,15.7852688172043,1239.07,32.17599427454266,46.0,38.66304347826087,16.035743087557602,190.518,30.480465949820786,47.0,37.45652173913044,16.837702679638163,582.1899999999999,32.702352150537635,46.0,41.17391304347826,16.70558115719406,672.49,28.40243855606759,46.0,36.66304347826087,17.63157962109575,0.0,30.360269457245263,45.0,37.65217391304348,,466.40999999999997,,,,16.68514173998045,263.53000000000003,32.66904761904762,49.0,39.68478260869565,17.150707245263696,435.34999999999997,32.401772913466466,47.0,39.98913043478261,15.451907322068612,0.0,29.35475550435228,47.0,37.96739130434783,,288.63,,,,14.710717776846808,1190.22,31.262798491830747,47.0,38.76086956521739,15.932792207792206,6445.3679999999995,30.548376623376623,45.0,37.10326086956522,16.564739314461423,30.900792031063983,45.490598290598285,38.69913631859284,,27.84428665149455,14.245370493105527,585.138068214249
1976-12-31,14.800537901092335,32.77777777777778,22.415458937198068,3.496519777265745,463.0,24.119132369299223,44.0,34.83695652173913,12.257183908045976,136.5,26.708818440242243,46.0,38.02173913043478,14.273890742800644,59.099999999999994,,,,,0.0,24.34319614386355,43.0,35.369565217391305,11.814525398591028,431.82,22.612022617723397,39.0,30.91304347826087,8.474879495736003,1267.9,24.76278693497826,43.0,34.54347826086956,8.14419107650476,3347.72,18.871460326288467,39.44,30.04195652173913,7.3091490545050055,197.8,23.867071437399577,39.0,33.880434782608695,6.545417748115189,274.28000000000003,17.696474477814856,38.0,28.141304347826086,6.204826350265727,153.4,25.61673155357805,40.0,35.20652173913044,12.660156346557905,291.8,24.513440860215056,41.0,32.608695652173914,11.733169571128414,1758.21,24.93905574094673,42.0,33.641304347826086,12.282570139661352,1768.754473954461,19.97543716737265,37.77777777777778,30.25116025116025,11.061231114647954,496.47,26.908123841305155,44.0,36.170833333333334,13.574149728654733,1596.24,21.89914720059325,37.0,29.66304347826087,10.42824434556915,1580.2,28.01432455815103,43.0,35.56521739130435,15.457579409220122,1425.32393363034,16.804921792389347,30.0,22.41062801932367,9.521029195676952,2226.96,27.988758553274682,44.0,35.53260869565217,13.804702194357366,1395.366640493271,20.00468196986551,36.0,28.92391304347826,8.478646307344862,932.953125,25.42944938820912,41.0,34.141304347826086,12.777125818811024,930.13,28.85725188481028,42.0,37.57608695652174,14.648090470893585,203.6,30.290560499320232,45.0,40.30434782608695,13.39675565443085,156.42,21.698152267952043,36.0,30.27173913043478,6.7907489803485355,333.3,27.3620905944877,40.0,35.81521739130435,12.961805710048202,187.167742633,31.725510443702877,46.9,41.232608695652175,16.125481708070698,44.7,33.93175132863676,50.0,43.869565217391305,20.021168582375477,272.1,27.386826412062785,41.0,35.98913043478261,15.389794215795328,294.619837590556,,,,,0.0,34.406380546285995,47.0,39.05434782608695,18.087260536398468,317.55,33.77120102583117,48.0,39.48913043478261,21.246196391051786,324.28000000000003,33.54566339142257,48.0,42.78260869565217,20.289634161413918,181.89000000000001,30.143166961919277,42.6,33.67452420199805,21.140041757155217,0.0,30.946513100976393,40.0,33.43478260869565,20.797361265603758,406.21,,,,,0.0,34.49872698059573,47.0,41.95652173913044,18.274354220739095,196.26,,,,,0.0,34.30562816709925,49.0,42.80978260869565,18.318434062538625,266.6,30.217460758867876,43.0,33.57608695652174,20.40837103756459,161.7,33.2623416413417,48.0,42.543956043956044,20.842392782103573,243.2374099626,30.500367692497836,46.0,39.858695652173914,17.37156436444534,351.28,32.48522937944518,46.0,40.34782608695652,17.108574341861328,416.52,30.71497002842665,45.0,39.03260869565217,16.02946978123841,1043.36,31.097760474601408,46.0,38.59583333333333,16.270380669880115,130.13,29.9536274873316,47.0,38.16304347826087,17.536074032876034,941.91,32.656766777901375,47.0,40.880434782608695,16.650621060437523,1117.77,28.47890557409467,45.0,37.53260869565217,18.511925708699902,0.0,30.267210480781117,45.0,38.05434782608695,,863.14,,,,18.29538005190953,394.21,33.40480163144234,49.0,40.51086956521739,17.589967247559017,612.38,32.01908602150538,46.0,39.95652173913044,15.592953590409097,0.0,29.629813990854036,46.0,38.57608695652174,,720.11,,,,16.372182054134225,1690.09,30.466428747991596,49.0,39.82608695652174,15.905194042763563,8832.69,28.870745272525028,44.0,37.05434782608695,16.68571458358722,30.44382069605095,45.84615384615385,39.1201226309922,,27.74428667070729,14.468511852852917,767.3546882085966
1977-12-31,16.201972712920295,34.44444444444444,25.241545893719806,5.877411781020652,-53.800000000000004,24.899724782386073,45.0,34.358695652173914,12.080536354326677,94.1,27.664669738863285,45.0,37.46739130434783,15.370852534562212,24.5,,,,,0.0,24.857981310803893,42.0,34.58695652173913,12.184792626728111,438.09,22.860170250896058,37.0,29.77173913043478,9.05665002560164,1327.1,26.148966624773074,44.0,34.45652173913044,9.906884513336125,-3055.4,19.49416129032258,41.0,30.22967391304348,7.726362775217614,661.1,25.015658602150538,39.0,33.81521739130435,7.804925115207372,212.9,18.466295442908343,38.0,28.42391304347826,5.506893241167435,126.69999999999999,27.037928827444958,40.0,34.92391304347826,13.272567844342037,312.2,25.054224270353302,39.0,30.97826086956522,12.566641065028163,2479.0499999999997,25.635336661546337,40.0,32.17391304347826,13.255651561699949,1677.3888065247,21.247612647209422,36.0,28.25,13.739516129032259,453.65,28.69463645673323,42.0,34.108695652173914,14.56082309267793,1328.07,22.362980030721967,35.0,28.119565217391305,10.971364567332309,1598.6,28.83892089093702,41.0,33.81521739130435,16.128149001536098,1243.2278085137,16.486880323977097,28.0,20.77173913043478,9.460850439882698,2290.73,28.09744623655914,42.0,34.04347826086956,14.13824244751664,1304.00566168,21.383038914490527,34.0,28.043478260869566,9.989061699948797,883.45,25.8255376344086,39.0,32.66304347826087,13.008366438900365,1226.15,30.35120967741936,43.0,38.31521739130435,15.651472094214029,170.0,31.878187403993852,47.0,41.03260869565217,14.251548899129544,80.0,20.666410235358512,36.0,30.608695652173914,6.565552188596775,11.1,27.73169493882091,39.0,35.21739130434783,15.162538402457757,104.77518463,32.30820416142997,48.0,42.142916666666665,16.53872364194945,11.2,35.37321428571428,49.0,43.02173913043478,20.46137480798771,147.9,28.44358678955453,39.0,34.92934782608695,15.991033026113671,205.4479347167111,,,,,0.0,35.20972862263185,46.0,38.67391304347826,18.61848438300051,222.54,33.83058259176863,22.989071038251367,39.11413043478261,21.255461866800854,0.0,34.281483614951355,49.0,41.52173913043478,20.985208653353816,71.21000000000001,30.204191900465535,42.2,33.7993714123681,21.361522326394407,0.0,32.22612967229903,44.0,34.51086956521739,20.86217037890425,486.84999999999997,,,,,0.0,35.7274673579109,48.0,41.84782608695652,18.63072836661546,95.8,,,,,0.0,35.194781105990785,49.0,42.08695652173913,18.589660778289808,162.6,31.573816744784484,43.0,34.42391304347826,20.402137387701906,32.0,34.55343701996927,47.0,41.47826086956522,21.20047363031234,101.130329093,32.51554019457245,47.0,38.80434782608695,18.382859703020994,205.07000000000002,33.41888120839734,45.0,39.880434782608695,17.832072452636968,533.8299999999999,31.837269585253456,45.0,38.76086956521739,15.79062980030722,900.79,31.673675115207374,45.0,37.608695652173914,16.93247567844342,13.129999999999999,30.524801587301585,45.0,35.81521739130435,17.319105222734255,583.4,33.55903737839222,47.0,40.108695652173914,17.531163594470048,467.85,29.149801587301585,44.0,35.92391304347826,18.265841013824886,0.0,30.74484126984127,44.0,36.19565217391305,,328.56,,,,16.712506400409627,115.55,31.930433947772656,46.0,38.891304347826086,18.209805427547362,453.01,33.12794418842806,47.0,39.73913043478261,16.528238607270865,0.0,30.24438684075781,45.0,36.91304347826087,,293.22,,,,17.262224782386074,790.59,31.825998463901687,45.0,37.48913043478261,16.46050307219662,5050.67,29.370455709165388,44.0,35.27173913043478,17.33637205088818,31.532836563078494,44.76923076923077,37.80016722408027,,28.54568346825681,15.055070038633138,485.3710319473725
1978-12-31,16.432962109575012,37.0,25.065217391304348,5.066090629800307,311.8,23.82174859190988,43.0,33.30434782608695,10.497350230414748,0.0,27.96490138577425,46.0,36.48913043478261,15.528756775970852,53.099999999999994,,,,,0.0,24.463594470046086,44.0,34.77717391304348,12.256221198156682,511.31,22.56774193548387,40.0,31.60326086956522,9.157296466973886,-4860.6,23.86057347670251,43.0,33.94565217391305,8.410899897593445,165.1,19.35607398873528,40.0,29.619565217391305,7.615149769585254,18.8,24.361821556579624,40.0,33.83695652173913,6.883083717357912,326.03000000000003,17.886527137736817,41.0,29.358695652173914,5.122023809523809,186.0,25.731739631336406,42.0,34.96739130434783,12.080376344086021,112.2,25.149500768049155,42.0,33.891304347826086,12.556906041986688,1842.58,25.729288274449562,43.0,34.880434782608695,13.132666410650282,1644.2473983358,20.95851254480287,40.0,30.42391304347826,13.65508832565284,1040.14,28.34562211981567,45.0,37.08695652173913,14.664650537634408,1354.33,22.34881592421915,38.0,30.67391304347826,10.807226062467997,1524.3653846153845,28.695788530465947,45.0,36.5,16.172388632872504,1364.5205569158,15.690574827900098,30.0,22.945712560386472,9.410407066052228,2132.56,27.549007936507937,45.0,36.15217391304348,13.634824628776242,1497.79072937567,20.681469068565843,37.0,30.4475,9.024675324675325,958.0971656976744,25.769258832565285,42.0,34.56521739130435,12.94010496671787,796.67,29.733064516129033,45.0,37.65760869565217,15.07718253968254,113.3,31.29519969278034,46.0,40.82608695652174,13.746556579621094,53.1,19.634668202764978,36.0,29.891304347826086,6.340355396845015,122.8,28.101299283154123,42.0,35.67934782608695,14.84111623143881,208.91181218,32.54003456221198,48.0,41.65217391304348,17.119156426011266,6.7,34.49699180747567,51.0,43.55434782608695,20.041199436763954,140.9,27.96766513056836,43.0,36.141304347826086,15.452576164874552,473.64647626,,,,,0.0,33.70479390681004,45.0,37.68478260869565,18.1422363031234,396.31,33.889964157706096,47.0,38.73913043478261,21.26472734254992,416.28,33.62383955650085,49.0,42.0,20.3308839458033,328.04,30.265216839011792,41.8,33.92421862273815,21.583002895633594,0.0,31.38733358934972,41.0,34.02173913043478,20.7107910906298,424.42999999999995,,,,,0.0,34.659242191500255,48.0,41.32065217391305,17.86713389656938,367.21,,,,,0.0,34.27775537634408,49.0,41.63586956521739,17.775614439324116,239.3,30.769598054275473,43.0,34.55434782608695,20.395903737839223,91.0,33.73904249871992,49.0,42.19347826086957,20.517044290834615,254.9369037435,32.28181003584229,47.0,40.891304347826086,18.268567588325652,208.69,32.79845110087046,46.0,40.90760869565217,17.287608806963647,619.46,31.35612519201229,47.0,39.733695652173914,16.983755760368663,1134.44,31.01691628264209,47.0,39.641304347826086,16.785631080389145,17.28,30.483877368151564,49.0,39.08695652173913,17.471082949308755,475.2,32.95081285202253,47.0,40.88586956521739,17.365168970814132,728.48,28.85677803379416,46.0,37.92391304347826,18.25325140809012,0.0,30.79859831029186,47.0,39.11413043478261,,393.89,,,,16.455357142857142,316.46999999999997,31.69374679979519,49.0,40.619565217391305,18.14633256528418,497.96,32.58409498207885,47.0,40.77173913043478,16.174366359447003,0.0,29.739413722478236,47.0,38.83695652173913,,522.59,,,,16.751721710189454,1062.66,31.997727854582692,48.0,39.77173913043478,17.3718056137411,6667.5,30.425024437927664,47.0,37.96739130434783,17.28963909074796,31.229111293425813,46.333333333333336,39.6856884057971,,28.113274414848792,14.7842031959392,504.82456346525606
1979-12-31,16.326743044888204,26.0,24.130434782608695,4.958305598224953,178.425,23.59461725550435,41.0,31.315217391304348,9.660528673835126,184.4,26.609869431643627,46.0,34.80434782608695,14.441820276497696,25.1,,,,,0.0,23.843746799795188,41.0,32.07608695652174,11.697516641065029,252.0480991735537,22.748502304147465,40.0,29.5,8.653667434715823,-10995.8,23.451542498719917,43.0,31.858695652173914,7.3947563189498675,-2861.45,19.33464479933612,39.0,26.565217391304348,7.528879729682011,217.9,23.944975678443416,39.0,33.01086956521739,6.378782642089095,340.87,18.06668928880414,40.0,26.880434782608695,5.630887383689108,-18163.2,25.21440092165899,41.0,34.45652173913044,11.522884664618536,370.8,25.132693292370714,41.0,32.29347826086956,11.806195596518178,1948.77,25.533147721454174,42.0,33.29347826086956,12.46143753200205,1077.8861608354,20.90536354326677,39.0,28.97826086956522,13.424123143881209,241.83,28.543081157194063,44.0,35.67391304347826,14.210304659498208,942.41,22.335125448028673,37.0,28.97826086956522,10.508755760368663,696.0,29.14587173579109,43.0,35.44565217391305,16.08968253968254,979.9060149029,15.915984103144545,30.0,21.543478260869566,9.047132616487454,1098.89,27.072113415258574,44.0,34.46739130434783,12.897324628776241,1193.133415066,21.640874179583857,36.0,27.695652173913043,10.252283200670298,566.1053488372092,25.781310803891447,40.0,32.92934782608695,11.785043988269793,959.7,29.23477982590886,44.0,37.630434782608695,14.834293394777264,118.1,31.433714011967258,47.0,39.97282608695652,11.905563335259506,146.21,19.972890022675738,37.0,28.828804347826086,6.115158605093255,14.2,27.85545954941116,42.0,35.91304347826087,14.409344598054275,145.6732792,31.834818228366615,48.0,40.54347826086956,16.738626472094214,36.3,34.21922043010753,52.0,43.34782608695652,19.90250256016385,297.8,27.77875704045059,43.0,36.07608695652174,15.066769073220685,431.29104639999997,,,,,0.0,33.72136456733231,47.0,39.22826086956522,18.549091141833078,154.63,34.27470558115719,47.0,40.608695652173914,21.334293394777266,147.67000000000002,33.443612391193035,51.0,42.26086956521739,20.10668202764977,116.88,30.326241777558053,41.4,34.04906583310821,21.804483464872785,0.0,31.75417050691244,43.0,34.96195652173913,20.582283666154634,381.07,,,,,0.0,34.76849718381977,48.0,42.34782608695652,18.35492191500256,155.51,,,,,0.0,35.0022209421403,51.0,43.46739130434783,18.207110855094726,87.0,30.644763301214915,43.0,34.81521739130435,20.16746404133501,171.89999999999998,33.84164874551971,50.0,42.766304347826086,20.58531746031746,85.9419542205,32.4063236047107,48.0,40.82608695652174,18.569220430107528,314.78,32.601056067588324,47.0,40.81521739130435,16.651395289298517,601.721875,31.28619431643625,48.0,39.29347826086956,17.276036866359448,937.42,30.498239887352792,46.0,38.369565217391305,16.644572452636968,52.61,30.6288082437276,46.0,37.53260869565217,17.642511520737326,709.49,32.90415386584741,48.0,41.26086956521739,17.092383512544803,385.21,28.83929211469534,44.0,36.630434782608695,17.826235279057858,0.0,30.879473886328725,46.0,38.26086956521739,,436.79,,,,16.18044674859191,188.43,31.63683435739887,49.0,39.95652173913044,18.170001280081923,404.12,32.70717485919099,48.0,41.05434782608695,15.77515360983103,0.0,29.849635176651304,46.0,37.358695652173914,,599.5,,,,16.380721966205837,454.5,31.744822068612393,48.0,39.30434782608695,17.107233626588467,5396.27,30.36217008797654,45.0,37.07608695652174,17.087874670132734,31.185097753948565,46.53846153846154,39.05685618729097,,28.05554875638253,14.518734822191767,-143.98625567341554
1980-12-31,16.2205239802014,33.0,23.195652173913043,4.850520566649599,468.8,24.37945556791497,42.0,33.23913043478261,9.859155234210851,176.1,27.257622667161044,44.0,36.880434782608695,14.835177975528365,158.4,,,,,0.0,24.17497837102954,42.0,34.28260869565217,12.013107156099368,526.02,23.772757609465064,39.0,31.07608695652174,9.107506657228571,1720.7,23.876569645284885,42.0,33.15217391304348,8.056936719812137,102.45,19.313215609936965,39.0,29.358695652173914,7.442609689778767,8.799999999999999,25.023502966258807,40.0,34.880434782608695,7.459470399208997,208.94,18.246851439871463,36.0,28.16304347826087,6.139750957854406,146.4,25.51931467062168,41.0,34.79347826086956,12.651894079841801,133.2,25.2882863675689,41.0,34.03260869565217,12.174953652206156,2024.71,25.613316052227344,12.267029972752043,33.461956521739125,12.320099846390171,1257.2443681398,20.529857248794958,39.0,28.641304347826086,13.68082746261278,491.58,29.362526263749846,43.0,36.97826086956522,14.414701520207638,1116.68,22.142865810496513,37.0,30.380434782608695,9.969973371085718,1320.43,29.315882967607106,44.0,36.79347826086956,16.85310291284533,1094.07989693,16.393693610184155,28.0,22.91304347826087,9.514615004325794,1769.6,26.693817204301073,44.0,35.45652173913044,13.727323569398097,1028.3184816666655,20.8297151155605,38.0,29.380434782608695,9.692083796811271,1025.6,25.33398051707284,42.0,34.67391304347826,12.526180604712307,1064.9,30.62722623903102,44.0,39.45108695652174,15.900998022494129,86.10000000000001,31.773014254521485,47.0,41.71527777777778,15.114327078820523,108.71000000000001,20.3111118425865,37.2,32.6344262295082,5.889961813341494,0.0,29.172056915090845,42.0,37.66304347826087,15.521270547521938,171.7,32.890365838586085,48.0,41.94565217391305,17.710279940674823,34.0,35.21935174885675,50.0,44.880434782608695,20.16028766530713,20.8,28.646644419725618,43.0,36.97826086956522,15.388511926832281,258.674530274,,,,,0.0,35.026643801755036,45.0,39.41304347826087,18.320671116054875,61.410000000000004,34.889275120504266,45.0,40.43478260869565,21.533532628846867,115.83,34.405932517612165,48.0,43.41847826086956,20.418608639228772,13.71,30.38726671610431,41.0,34.17391304347826,22.025964034111976,34.64,31.59070263255469,42.0,34.16304347826087,21.083058336423186,182.94,,,,,0.0,35.546984303547156,50.0,43.17717391304348,18.560558027437896,109.25,,,,,0.0,35.81140155728587,49.0,44.19565217391305,18.565039859102708,103.7,30.887992831541215,40.0,34.51086956521739,20.91579532814238,122.39999999999999,34.85143987146212,48.0,43.77173913043478,20.833883327153625,59.465402343,33.32196576442961,49.0,41.93478260869565,18.140600854672044,239.43,32.598022868656905,46.0,41.38419405320814,18.265544207368457,400.56,31.858475466567793,48.0,40.19565217391305,17.11570263255469,990.45,31.210965888023733,46.0,39.46739130434783,17.040393647262388,63.260000000000005,30.980073538499568,45.0,38.70652173913044,18.129938989449556,367.63,34.75784878821587,46.0,42.25,18.608686419253715,1015.97,28.959940056853295,45.0,38.17391304347826,17.774706463972315,0.0,31.143372265480163,47.0,38.79347826086956,,657.86,,,,16.71678408107774,149.53,31.8834631071561,48.0,40.891304347826086,18.459952416264986,372.55,33.48492460758868,49.0,42.20652173913044,15.968739957978,0.0,29.40047274749722,45.0,37.91304347826087,,577.71,,,,16.930697688790016,648.84,32.34141020887406,48.0,39.98913043478261,16.97331294030404,5720.5,29.948615745890496,44.0,38.08695652173913,17.38694785624708,31.627274988843396,45.76923076923077,39.97862825580217,,28.496859406773023,14.953974441295872,528.3439385065457
1981-12-31,16.11430491551459,33.0,24.793478260869566,4.742735535074245,485.5,24.074243912989743,2.5,33.5195652173913,1.0801145673323094,250.0,26.501568100358423,47.0,35.858695652173914,14.15586917562724,350.75,,,,,0.0,23.60031464634426,40.0,33.69565217391305,7.517510124284318,545.63,22.708083717357912,38.0,30.847826086956523,8.428392217101894,1574.15,23.1377636968766,43.0,32.76086956521739,7.237246543778802,225.6,19.02610087045571,40.0,28.76086956521739,7.029512288786482,72.9,24.37156938044035,40.0,33.59782608695652,8.051920122887864,345.52,13.56096285434995,37.0,24.232208333333336,4.551947004608295,211.9,25.849750384024578,41.0,34.57608695652174,12.624763184843829,302.2,25.51962365591398,39.0,33.20326086956521,11.901120071684588,1616.8,25.693484383000513,41.0,33.630434782608695,12.178762160778291,1398.8804353779,21.245334101382486,39.0,29.532608695652176,13.267633128520226,477.0231818181818,28.449504259181676,43.0,36.73913043478261,12.590266722524786,1611.48,21.492940348182284,36.0,29.804347826086957,10.018484383000512,1425.21,28.15200332821301,42.0,35.42391304347826,16.5181406656623,1309.409453301,16.21994367639529,27.0,22.370652173913044,9.108192524321556,1769.01,26.558211725550436,42.0,34.52173913043478,13.354921915002562,1111.7713830506393,20.73257552483359,37.0,28.66304347826087,9.402291346646185,690.6,25.927777777777777,41.0,34.04347826086956,12.306016385048643,870.93,29.97834741423451,43.0,38.48913043478261,15.738908090117768,60.5,31.805037122375833,46.0,41.45108695652174,13.966932283666154,56.4,20.64933366249726,32.400000000000006,32.09428011404134,5.6647650215897345,0.0,27.69944956477215,47.0,36.89673913043478,14.98807603686636,177.29999999999998,32.510464669738866,47.0,41.67391304347826,16.967441116231438,10.5,35.33511072708654,51.0,44.76086956521739,19.47427035330261,46.1,28.3777585765489,43.0,36.75,15.601497695852535,225.3020976,,,,,0.0,35.129537890424984,47.0,39.619565217391305,18.423681515616998,231.10000000000002,34.7119143625192,46.0,39.86413043478261,21.57399001536098,117.07000000000001,34.25377624167947,51.0,43.108695652173914,20.028795442908347,169.54999999999998,30.377636968766,42.0,33.79347826086956,21.80297619047619,49.7,31.80915258576549,44.0,34.52717391304348,20.747652329749105,182.35,,,,,0.0,35.537051971326164,50.0,42.90760869565217,18.06275601638505,227.2,,,,,0.0,35.62444956477214,50.0,43.82065217391305,17.962628008192524,119.6,31.19577188940092,45.0,34.59782608695652,20.269581413210446,1.0,34.46372247823861,49.0,43.08695652173913,20.547702252944188,92.1,32.99799667178699,49.0,41.19565217391305,17.832509426057815,394.03000000000003,32.8783130847647,47.0,42.202083333333334,17.23379416282642,705.99,31.586469534050178,46.0,39.54347826086956,15.652227342549923,826.75,31.105593958013312,47.0,38.95652173913044,16.317754736303122,79.13,30.457046850998466,45.0,37.72282608695652,15.475829493087556,896.19,33.38756458595169,47.0,41.505434782608695,16.984901433691757,896.6,28.53854326676907,47.0,37.69565217391305,17.67350870455709,0.0,30.811482334869428,45.0,38.38804347826087,,835.59,,,,16.285477470558117,223.07,31.744950076804916,47.0,40.18478260869565,18.31321044546851,393.48,33.18026113671275,48.0,41.46195652173913,15.619546850998463,0.0,29.921998207885306,45.0,38.05434782608695,,186.43,,,,16.72828341013825,806.0600000000001,32.214669738863286,48.0,40.09782608695652,16.228923451100872,6274.12,29.488959293394775,45.0,37.25,16.921658023875764,31.213324869574873,45.84615384615385,39.36180006587615,,28.158435011194598,14.186839159208143,572.7495657619947
1982-12-31,14.94952636968766,33.0,23.934782608695652,4.43475102406554,651.7,23.769032258064517,43.3,33.8,11.737379672299028,83.4,26.321207757296467,45.6,36.23804347826087,14.551683307731695,106.5,,,,,0.0,23.025650921658983,41.5,33.9195652173913,10.503709037378393,486.24,21.732801459293395,38.1,30.338043478260868,6.984053379416282,1363.25,23.141145673323095,42.9,33.07934782608696,8.112930107526882,105.5,18.37069403714565,40.3,27.96630434782609,6.412087173579109,5.51,22.904963517665134,39.0,33.05434782608695,7.3256592421915,933.62,18.57320084485407,40.6,28.62391304347826,5.418700716845879,145.3,24.339163466461855,40.8,34.779347826086955,11.816006784434203,352.8,24.346961085509474,44.0,32.51521739130435,11.643159242191501,2083.7,25.67338220918866,40.6,33.35,12.799928780896522,1113.2809974698,20.595155913978495,37.8,29.14782608695652,12.355793394777265,629.8,28.006616743471582,42.8,36.25978260869565,13.517296466973887,1635.2,21.46693868407578,35.0,28.90978260869565,10.005861495135688,1312.9,26.94301267281106,40.6,34.58586956521739,16.183178418479272,1407.9643533269,15.054850230414745,27.1,21.554347826086957,8.267834741423451,1180.4,25.307964669738862,40.2,33.38586956521739,13.210784050179212,1401.826643117,19.88501920122888,35.6,28.25108695652174,8.516689708141321,840.15,25.04460061443932,39.9,33.756521739130434,11.677940348182283,899.4,28.676781233998977,43.0,37.79891304347826,15.307120455709166,238.7,30.25045698924731,46.0,40.69565217391305,13.75733934971838,187.79999999999998,20.987555482408016,27.6,31.554133998574486,5.439568229837974,0.0,27.39821492575525,41.0,36.03967391304348,14.404773105478752,404.65000000000003,29.94623236978076,47.8,40.507958333333335,15.76138039379975,118.6,33.75970302099334,50.0,43.72282608695652,20.183422939068098,191.3,26.807994111623145,42.0,35.73478260869565,14.896591461853559,717.326088177773,,,,,0.0,34.449185867895544,45.0,39.19565217391305,18.05244367639529,202.9,34.09510944700461,45.9,40.06304347826087,21.32146633384537,23.03,33.10585253456221,50.3,42.07336956521739,20.110131208397338,50.02,29.776447132616486,39.0,33.87173913043478,21.74683435739887,386.44,31.962396313364057,43.0,35.542391304347824,20.82494879672299,34.3,,,,,0.0,34.64849398361495,49.0,42.09239130434783,18.117612647209423,118.21000000000001,,,,,0.0,34.62848182283666,51.0,43.358695652173914,18.046989247311828,92.0,30.740008960573476,42.0,34.60326086956522,20.730184331797236,358.65,33.30417306707629,49.0,42.0,20.31321044546851,88.7,31.28955581157194,46.9,39.80217391304348,18.311922683051716,427.53,31.896228878648234,45.8,40.61630434782609,17.073179723502303,345.52,30.91290002560164,47.1,39.73478260869565,16.179479006656425,1068.18,29.799390681003583,44.5,38.04130434782609,16.316007424475167,121.2,29.199838069636456,43.6,37.52173913043478,16.54321556579621,542.8,32.1688133640553,46.4,40.84782608695652,16.492195980542757,645.88,27.58304403481823,44.6,36.880434782608695,17.147388632872502,0.0,29.9573150281618,44.0,37.92065217391304,,802.39,,,,15.967406554019457,213.31,31.017242063492063,47.7,40.142391304347825,17.67041986687148,326.56,32.00924091141833,46.8,40.40869565217391,15.479449564772146,0.0,28.96628840245776,45.5,38.381521739130434,,602.15,,,,16.359547491039425,976.77,30.987588965693803,46.2,39.778260869565216,15.966481694828468,6293.3,28.41663082437276,42.7,36.92934782608695,16.691304173723527,30.32012682657844,44.56923076923078,39.000418060200666,,27.37026358962338,14.299743723143123,598.4566311498421
1983-12-31,15.246433691756273,34.2,24.31847826086957,4.015499231950845,355.7,24.032699052739375,46.1,32.768478260869564,11.21323476702509,102.4,26.925809011776753,48.1,36.16195652173913,14.127339989759344,58.65,,,,,0.0,24.98273041474654,41.7,34.08804347826087,10.804731502816182,392.23,22.092672171018947,39.0,29.946739130434782,6.982071812596005,1467.55,23.785352662570403,43.8,33.05217391304348,7.488375576036867,67.5,18.454691500256015,39.4,28.116304347826084,7.164174987199181,75.75,23.990874295954942,40.4,34.7054347826087,7.066941884280594,685.37,17.963073476702508,39.2,27.165217391304346,3.3927816180235535,222.20000000000002,25.11945276497696,41.0,34.566847826086956,12.011066948284691,345.5,24.39791026625704,39.1,32.10108695652174,11.375228494623656,1598.5,24.644610215053763,39.6,32.23913043478261,11.675989503328212,1332.074122866,20.365384664618535,37.2,28.766304347826086,12.493536866359449,749.1871875,27.988494623655914,41.9,35.15108695652174,13.432268945212494,1713.31,21.516989887352793,33.9,28.183695652173913,9.81159178187404,1329.91,27.147166538658478,40.6,34.19456521739131,15.848216171296242,1420.0145245886,15.470279697900665,26.4,21.00108695652174,8.38772465437788,1654.36,25.51246351766513,39.1,32.87663043478261,12.862988991295444,1334.365290167,20.374961597542242,34.7,28.176086956521736,8.836758832565284,605.809375,25.028296210957503,39.8,33.120652173913044,11.450444828469022,1025.52,29.094386840757807,45.0,38.53152173913043,15.060151049667178,124.4,31.57511968766001,48.0,42.18586956521739,13.98942396313364,113.01,21.325777302318777,22.8,31.013987883107628,5.214371438086214,0.0,27.96088133640553,43.0,36.651630434782604,14.354098502304147,340.40000000000003,32.13116391449053,48.6,42.245652173913044,16.62504864311316,49.199999999999996,34.19673579109063,50.0,44.29347826086956,19.470833333333335,138.7,27.996666666666666,40.8,35.517391304347825,15.52864613880743,258.927085664,,,,,0.0,34.10978046594982,49.0,39.606521739130436,17.51128456221198,386.31,34.242691372247826,45.0,40.71195652173913,21.076025345622117,322.4,33.39940604198669,46.9,42.54728260869565,19.977359831029187,76.64,29.697726574500766,38.0,33.93423913043478,21.3069879672299,141.91,31.629419162826423,43.0,34.74021739130435,20.25552675371224,281.67,,,,,0.0,33.97714413722478,49.0,43.50108695652174,18.761819956477215,161.53,,,,,0.0,35.05941340245776,49.5,44.0445652173913,17.865162062785814,186.0,30.81958205325141,41.5,34.53586956521739,20.082413594470047,172.29999999999998,33.59826676907322,48.0,42.69673913043478,20.40431451612903,99.1,31.173945212493603,45.1,39.3304347826087,17.801285842293908,433.69,31.76092229902714,45.3,40.39021739130435,16.564586533538147,458.74,30.732384152585766,44.5,38.77391304347826,16.05432603686636,1089.2,29.71756400409626,47.0,37.53260869565217,15.74721617092585,298.65999999999997,29.1533284457478,42.4,36.017391304347825,15.691284562211981,666.49,32.46927099334358,45.5,41.21847826086957,16.735076164874553,885.51,27.256024705581158,44.2,35.58152173913044,17.05557603686636,0.0,29.762000128008193,44.3,37.05434782608695,,647.96,,,,15.603299411162313,310.71,31.149927675371227,47.9,39.61630434782609,17.283865847414237,710.39,31.66319828469022,45.2,39.879347826086956,15.061134152585765,0.0,28.613739759344597,44.3,36.957608695652176,,316.89,,,,16.35322708653354,1096.4,31.100679723502306,45.1,39.04673913043479,15.30116231438812,7472.25,28.104916154633898,42.6,35.630434782608695,16.37664151559313,30.194314532540343,44.099999999999994,38.22416387959866,,27.57413447704071,14.07251258613757,625.4682886256592
1984-12-31,15.304848597206773,34.7,23.588043478260868,3.391763379063157,341.5,23.72283432208627,43.4,32.65,11.442768199233717,219.3,26.495172722778396,45.6,36.194021739130434,13.99851316277345,167.4,,,,,0.0,23.60513688048449,43.1,34.2945652173913,7.878908663947596,605.28,22.29585341737733,38.0,31.39782608695652,7.481696638240019,1627.6,23.449555061179087,42.8,32.870652173913044,7.968062353231986,108.7,18.689803176368805,39.7,32.43043478260869,7.719844889383265,63.6,24.719760381905825,38.5,34.816847826086956,7.378524595229268,136.24,19.640670807069583,39.6,28.86086956521739,5.007752131998516,150.4,25.68110863922877,42.0,36.33804347826087,12.159500988752937,329.7,25.208972314917812,42.1,34.589130434782604,12.439472562106046,1497.11,26.377583173222774,43.1,34.68478260869565,13.21639498432602,1211.557039908,20.425483017579793,9.399726775956285,28.87481884057971,12.72793085424134,0.0,29.125148930910886,45.0,37.41195652173913,13.671423186256334,1142.79,22.523642627610926,37.9,30.895652173913046,10.322720615498703,1262.65,28.72759671239649,45.0,37.22934782608696,15.513253924113213,1155.1742381974,16.627202756148808,29.9,23.338043478260868,9.106845414658263,1674.04,26.55703930292918,43.8,35.709782608695654,13.68359751575825,1196.306799452,20.9871468298109,37.4,30.040217391304346,9.57580212581881,756.55,25.784057903843777,42.6,35.54565217391304,12.638007353849957,713.36,29.566355827462612,42.0,38.58369565217391,14.95518552162231,125.4,31.70430292918057,46.3,41.76195652173913,13.780108453837599,42.93,21.663999122229537,18.0,30.47384176764077,4.989174646334454,12.1,28.7597271659869,41.8,37.40108695652174,14.522349215177357,268.3,34.772892473118276,45.6,41.43478260869565,19.023838709677417,12.2,35.20480379433939,50.0,45.40760869565217,19.767142967494745,58.4,28.035358113953777,43.2,37.06521739130435,15.29189686070943,488.94943642,,,,,0.0,34.278545606229144,47.2,39.0445652173913,17.18270671116055,279.7,34.36477753058954,45.7,39.64782608695652,19.796532258064516,193.54,34.01965810777407,48.3,43.07119565217391,19.720668335187245,58.839999999999996,30.178744901742675,39.2,33.448913043478264,21.023752317389693,114.31,31.68525599431467,40.0,34.19347826086957,19.604349276974414,270.15,,,,,0.0,35.209709862810534,49.0,43.0195652173913,17.095129464837473,134.32,,,,,0.0,35.41232480533926,49.2,44.20326086956521,17.683334878259796,50.4,31.2422472500309,40.0,34.27717391304348,19.544744160177974,206.2,34.33863397602274,48.0,43.41847826086956,20.03761586948461,28.5,32.22185885551848,47.5,40.93478260869565,17.743914225682857,117.11,32.55664441972562,47.3,41.63695652173913,16.984357619577306,353.27,31.89179118773946,49.4,41.15217391304348,16.424832838956863,845.7,30.913115498702265,46.4,39.79130434782609,16.2567976764306,105.66999999999999,30.57697750587072,47.4,39.15,13.673058027437895,381.03,33.2912640588308,47.5,41.80978260869565,17.181925905326906,702.18,28.115459869431643,17.883106267029973,36.775000000000006,17.999844580397973,0.0,31.04874366580151,46.1,39.31739130434782,,515.21,,,,16.069133380523816,96.09,30.70191045606229,48.6,41.20108695652174,17.597973056482513,522.14,32.899165430725496,48.9,42.028260869565216,15.563707205537016,0.0,29.74603973550859,47.2,39.245652173913044,,429.01,,,,16.636964605734768,837.1,32.0880058089235,50.2,41.1,15.556480657520702,5091.94,29.603236311951548,47.3,38.24021739130435,16.581881404962605,31.446766597659956,46.775,40.46730072463768,,28.26973868877266,14.196167027947801,494.4434724810629
1985-12-31,15.086124551971325,32.8,23.555434782608696,4.031971326164874,537.9,24.382419354838706,43.4,33.16304347826087,10.960484511008703,117.1,27.31885304659498,47.9,36.756521739130434,14.749014336917563,141.05,,,,,0.0,25.23267281105991,43.0,35.61521739130435,8.32260438486245,364.74,23.397974910394264,37.7,31.016304347826086,8.081222478238606,1424.6,24.161824116743475,42.8,33.17717391304348,8.190398105478751,105.5,18.674950716845878,39.8,28.209782608695654,8.11694060419867,69.39999999999999,25.31375256016385,39.5,34.15108695652174,7.45176779313876,255.28,19.958116999487967,40.9,29.23586956521739,5.314784306195597,155.1,26.825576036866362,40.0,36.095652173913045,12.37888888888889,154.8,25.768075396825395,41.2,33.60217391304348,12.514252432155658,1115.1,25.562237567154142,7.102732240437159,33.93641304347826,12.800308027237254,1036.777024027,20.48558137054105,24.999863387978145,28.98333333333333,12.962324842123229,418.55,29.745677163338453,43.9,37.50869565217391,14.417204941116232,1097.25,23.256155273937534,36.8,30.40978260869565,10.940507552483359,1238.81,29.232088453661035,45.6,37.31847826086957,14.310280977982591,863.561328162,17.554857270865337,29.8,24.83423913043478,9.79856950844854,1293.92,27.291479134664623,44.0,35.22826086956522,13.901053507424473,872.4177453414,21.48125161464879,35.9,29.619565217391305,9.99426523297491,546.8,26.412271505376342,41.4,35.87282608695652,12.835435227854582,800.26,30.04388888888889,42.7,37.99673913043478,14.2346044546851,64.7,32.06318228366616,46.0,41.422826086956526,13.353725038402459,21.8,22.002220942140298,35.1,29.933695652173913,4.763977854582693,166.5,29.24832629288274,41.4,36.3875,14.687933947772656,188.0,32.64952252944189,47.9,41.6,16.832828981054785,19.1,35.660704045058885,49.0,44.167391304347824,19.35029121863799,103.4,28.73943356374808,42.2,35.99782608695652,15.665572836661546,284.92278166,,,,,0.0,34.66055022555926,45.5,38.125,17.424054659498207,194.81,34.97975774449565,46.0,39.290217391304346,20.939147465437788,67.6,34.23574244751664,48.6,42.170108695652175,19.402640168970816,0.01,30.176555020248568,38.3,32.880434782608695,21.410713645673322,31.82,32.05898169482847,42.5,34.10163043478261,20.121831157194062,152.7,,,,,0.0,35.84617319508448,48.8,42.74021739130435,17.376801715309778,105.39999999999999,,,,,0.0,35.8410650281618,49.5,43.493478260869566,17.1259571812596,169.3,31.57198476702509,42.5,34.375,19.429195468509985,36.0,34.48831605222734,47.5,42.22391304347826,19.10996159754224,69.6,32.52445340501792,46.7,40.25869565217391,17.161513056835638,169.3,32.49015779919006,45.9,40.6695652173913,17.315710445468508,237.76,33.0689196108551,47.4,41.46086956521739,17.024628136200718,618.24,31.364683819764466,44.3,38.71630434782609,16.87608358934972,71.36999999999999,31.45054467485919,46.0,38.84347826086957,14.098406065260905,347.09,33.80763376856119,46.1,41.15108695652174,18.394900793650795,746.03,28.974895033282127,45.0,37.96847826086957,18.3138767281106,0.0,31.68129672299027,44.1,38.83369565217391,,274.95,,,,16.61863479262673,158.08,32.74842037890425,48.0,40.99130434782609,17.787061571940605,341.01,33.24911418330773,47.5,41.176086956521736,15.473353814644137,0.0,29.800569636456732,45.0,35.5945652173913,,307.21999999999997,,,,16.920702124935996,1093.94,32.71482910906298,49.3,40.391304347826086,16.59349078341014,4518.43,29.96337173579109,44.2,37.74891304347826,17.036747674368645,31.859158149198475,45.169230769230765,39.52341137123746,,28.742127852083904,14.345237264344693,429.0370162813037
1986-12-31,15.872295826932925,33.9,23.665217391304346,4.2444726062467995,394.1,22.59415002560164,43.1,31.60108695652174,9.79458973374296,250.6,25.542176779313877,45.2,34.93804347826087,13.572291986687148,266.5,,,,,0.0,23.05865719406042,41.4,33.43043478260869,7.513782002048131,776.11,22.11180683563748,41.5,29.919565217391302,7.697210585113811,2170.0,22.71523361495136,43.0,31.917391304347827,7.619452764976958,127.9,17.324363799283155,40.6,27.053260869565218,6.594489887352791,102.89999999999999,24.201681387608804,41.3,33.95869565217391,9.058500384024578,243.65,18.042393113159243,39.3,27.803260869565218,3.8393983614951352,239.4,25.68903801843318,41.2,35.34130434782609,11.191420250896059,175.5,24.092380952380953,41.6,31.952173913043477,11.247653609831028,1897.41,24.74689196108551,45.8,33.18804347826087,12.38422107014849,1709.788219978,20.545679723502307,40.6,29.091847826086955,13.19671883000512,568.87,28.208196364567332,44.4,35.482608695652175,13.714258832565285,895.34,21.804350998463903,37.3,28.70434782608696,9.974758704557091,1603.3,27.55312788018433,43.3,34.18043478260869,12.709009856630823,1131.573544258,15.756185355862774,29.6,21.458695652173912,8.761524577572965,2234.7,26.73167754736303,43.6,34.42826086956522,13.13439708141321,1352.8819815204,20.978538146441373,38.6,28.441304347826087,9.307962749615976,913.4,26.252477278545825,35.0,34.44347826086957,12.710332501280082,936.64,29.379969918074753,42.6,38.45108695652174,13.932779697900665,115.8,31.24581989247312,46.5,41.470652173913045,14.096851638504864,48.31,20.912564004096264,35.6,29.86304347826087,3.8886789554531496,217.1,28.51182411674347,41.0,36.908152173913045,14.17268753200205,238.70000000000002,31.843572388632875,47.5,41.42173913043479,16.72375448028674,12.1,34.740704045058884,50.3,44.13804347826087,18.732422555043524,164.0,27.988388056835635,44.2,36.36304347826087,15.27082757296467,139.02627970789,,,,,0.0,35.04255484488938,49.0,39.84,17.23094406041987,86.3,34.55639848950333,48.4,40.209782608695654,20.865892857142857,176.64000000000001,33.44315668202765,49.0,42.595652173913045,19.309864951356886,84.33,30.15189278150165,40.5,33.14383561643836,21.241795314900155,322.94,31.694697900665645,43.0,34.848369565217396,19.78504672299027,100.11,,,,,0.0,35.37859318996416,49.5,43.25054347826087,17.355571556579623,149.1,,,,,0.0,35.11132232462878,50.0,43.619565217391305,17.78244367639529,20.9,31.149258832565284,44.8,35.29347826086956,19.640861495135688,97.4,33.22137096774193,48.0,42.07336956521739,16.86132104454685,238.0,31.71968509984639,50.1,39.756521739130434,17.496818996415772,203.96,32.1572311827957,48.2,40.33695652173913,15.985965821812597,341.54,31.148297209317544,49.7,38.948913043478264,16.484016897081414,931.84,30.299398361495136,47.6,37.95108695652174,16.13201484895033,152.48,29.58025601638505,46.1,36.94456521739131,15.766567343946377,233.92000000000002,32.94678699436764,48.0,40.99130434782609,17.822454266163945,612.55,30.40075268817204,48.4,37.813625,17.65153161802355,0.0,30.736444572452637,46.4,37.42717391304348,,413.79,,,,15.82592229902714,205.65,31.22528289810548,50.0,39.73478260869565,17.536532258064515,416.21,32.149249871991806,48.5,39.94673913043478,15.510385304659499,0.0,29.604159626216077,48.0,38.051086956521736,,309.62,,,,16.482475678443418,1002.16,30.94373271889401,48.5,39.15869565217391,15.675891577060932,5208.1,28.815690604198668,45.4,35.957608695652176,16.75253475541782,30.9306744659164,47.907692307692294,38.668735431235426,,27.817020670978735,13.883291880671324,559.8729634345239
1987-12-31,13.68465565796211,32.6,21.757427843803054,2.7225313620071687,508.8,23.276658346134152,40.3,30.43586956521739,10.052955069124424,246.70000000000002,25.985250256016386,44.6,33.653260869565216,13.231192076292883,207.75,,,,,0.0,23.957687532002044,42.3,32.16847826086956,11.764655017921148,596.0600000000001,23.56373847926267,36.8,29.604347826086954,6.346470174091142,1821.2,23.27327956989247,42.1,30.53369565217391,7.080351382488479,300.9,17.995440988223248,39.4,25.630434782608695,6.272064772145417,65.51,25.60275153609831,39.0,33.22228260869565,9.54724846390169,116.61999999999999,18.803292370711727,38.1,25.955434782608698,4.487665130568356,1334.2,27.216182795698924,44.0,35.547826086956526,12.024655017921148,221.70000000000002,25.564412442396314,41.1,32.19347826086957,11.373384536610343,1314.22,27.115658427593914,42.8,32.40869565217391,9.557467532467532,1367.8696343809,21.82567140296979,38.6,29.311956521739127,14.322715693804405,413.03,29.771282642089094,45.7,36.25978260869565,14.151538658474143,795.9499999999999,23.31101062467998,36.1,28.801086956521736,10.405277137736816,1418.9,29.162284946236557,43.6,34.67717391304348,15.006120071684586,811.47849436,17.302386072708654,29.4,21.56086956521739,9.723811443932412,1815.85,28.524720942140295,43.5,34.69021739130435,13.442643369175627,1334.0062129423,22.27589925755248,36.2,28.219565217391303,9.976468253968255,662.35,26.092683051715312,41.2,33.01413043478261,12.585229774705581,1349.08,30.534715181771634,43.0,37.99293478260869,14.468682795698925,87.6,32.23848886328725,45.6,40.379347826086956,14.435164490527393,106.31,22.238893369175628,35.6,29.35978260869565,3.554251792114696,540.0,29.906018945212494,41.1,36.41195652173913,15.110476190476192,216.79999999999998,33.23115591397849,46.7,41.12608695652174,17.19391321044547,2.9000000000000004,35.72833205325141,48.9,43.14673913043478,19.587199180747568,85.9,29.174899193548388,42.3,36.01413043478261,15.655278737839224,275.61358303144,,,,,0.0,35.424559464219506,47.5,40.12391304347826,18.07714413722478,44.9,35.912692652329746,45.5,40.380434782608695,21.576598182283664,15.819999999999999,35.65554880603268,48.6,42.167391304347824,20.56727447283899,38.269999999999996,30.127230542754734,39.5,33.75,20.990600358422938,194.55,32.27111579003125,41.5,34.68586956521739,20.621257139767287,0.02,,,,,0.0,36.651780593958016,47.0,42.982608695652175,17.784473886328726,0.0,,,,,0.0,34.832361234878334,46.5,41.9940986464315,17.956769073220688,4.7,32.72830965181772,44.0,36.192934782608695,18.23349739956391,22.6,34.25729006656426,47.5,41.69021739130435,15.815084485407064,37.0,32.990930619559656,47.7,39.59239130434783,18.418444700460828,142.98,33.14451612903226,46.2,40.07173913043478,16.784452764976958,350.62375,32.18047363031234,48.0,38.40217391304348,18.96976267281106,663.58,31.508393497183818,46.2,37.59130434782609,16.486898361495136,38.33,30.96297171018945,45.6,37.31413043478261,17.434728622631848,323.54,33.89829429083461,46.2,40.61413043478261,17.312226702508962,494.05,30.858947772657448,45.4,37.44347826086957,18.40549795186892,0.0,32.02758000512033,46.0,38.25380434782608,,334.08,,,,16.37140616999488,107.23,32.6028270609319,49.5,39.214130434782604,18.269354838709678,342.71,33.05876280081925,48.0,39.64021739130435,15.81798323092678,0.0,30.488175243215565,46.0,37.75978260869565,,304.17,,,,17.62432603686636,661.26,32.069815028161806,48.0,38.81739130434782,16.040867255504352,3994.38,29.99805683563748,44.5,36.840760869565216,17.313334937538567,31.967168458781362,45.94615384615384,38.52466555183947,,28.859505054946663,14.305130504453539,483.9276236058268
1988-12-31,15.026160154249872,32.4,21.333695652173912,3.1397742255504357,541.7,23.854542701767397,41.5,32.68695652173913,10.512486713632432,123.2,27.180670189099,45.6,37.07173913043478,14.294332282783339,119.8,,,,,0.0,24.74077339018663,43.8,35.78260869565217,12.635284266468915,594.71,23.731597762946482,39.8,31.76304347826087,6.582438820912124,1728.5,24.603764367816094,45.0,34.87608695652174,7.689297676430602,187.2,18.851211222345814,40.8,28.14782608695652,6.968604622419973,110.3,26.161733504047707,40.8,35.16168831168831,9.658707630391794,160.43,19.15956772957607,38.6,28.24891304347826,5.016425658138672,315.4,26.013541589420342,41.7,36.6445652173913,13.708298417995303,76.1,26.24334507477444,43.3,34.65869565217391,12.535886787788902,1895.01,26.22695062415029,42.2,34.22282608695652,8.862699295513535,1564.4876812007,21.1909369978989,38.3,30.046195652173914,14.118319120009888,430.2,29.490963725126687,45.6,36.73804347826087,14.92824805339266,1269.34,23.592009022370533,38.3,30.438043478260873,11.317171548634285,1295.57,28.97078729452478,46.7,36.13586956521739,16.330916759362253,1183.6956836534,17.35593777036213,32.0,23.218478260869563,10.52608670127302,2007.56,29.016366641947844,46.5,36.79565217391304,14.387718761586948,1416.30288702674,22.31200438759115,36.2,30.455434782608698,10.338183166481276,770.1,26.996092880978864,43.6,36.59239130434783,12.496560993696699,1316.5,30.417245087133853,45.0,38.73586956521739,14.961436318131257,146.7,32.79903642936596,48.3,42.50054347826087,15.261286614757138,30.73,22.865956927450252,37.6,31.39021739130435,4.487172784575454,192.9,29.707714126807563,41.8,37.27282608695652,15.513443023112101,347.9,33.77561920652577,49.6,43.64076086956521,17.99370257075763,9.2,36.25148946360153,51.8,45.875,19.29727212334693,7.0,29.152090903472995,42.5,36.99239130434783,15.609171919416637,212.3577033,,,,,0.0,35.806564083549624,48.1,40.14891304347826,18.581008219008776,309.8,35.60759887529354,48.0,40.29891304347826,22.125641453466816,207.6,35.03239123717711,50.5,44.231521739130436,20.25356908911136,331.28000000000003,30.7859872080089,42.0,34.165217391304346,21.370569892473117,28.21,32.84753367939686,44.2,35.31413043478261,21.457467556544305,103.11,,,,,0.0,36.10791295884316,48.5,43.0429347826087,18.76686349029786,22.0,,,,,0.0,34.55340014512788,50.0,43.30543478260869,18.399508400103898,65.89999999999999,32.14371991807476,42.5,35.36746987951807,20.205048356198244,30.9,34.52807594858485,49.0,42.80163043478261,18.92000448028674,122.3,33.02920683475467,47.1,41.62391304347826,19.3714809609526,190.55,33.75541242086679,47.0,41.84891304347826,17.74334105796564,328.27,32.485173031763686,47.3,40.910869565217396,17.481199171919418,993.92,31.788417068347545,46.8,40.17173913043479,17.277277530589544,93.16,31.401283061426273,49.2,38.95869565217391,17.762884995674206,572.1,33.975638981584474,47.6,42.10434782608696,17.785951674700282,839.0,30.33615591397849,44.9,38.39782608695652,18.86910147076999,0.0,31.919145655666792,47.4,39.79891304347826,,473.4,,,,17.023206031392906,188.69,32.325491286614756,47.8,41.09239130434783,18.84299561240885,360.95,33.43101501668521,48.0,42.167391304347824,16.665430107526884,0.0,30.3956782227166,45.0,38.81630434782608,,422.96999999999997,,,,18.163215300951673,1374.39,31.92920189098999,48.5,40.48913043478261,16.30526572735138,6225.46,29.776564701520204,47.0,37.66413043478261,17.76633377066636,31.857902683101514,46.43846153846153,40.311120401337796,,29.03015159999225,14.904250840957571,580.3121102811266
1989-12-31,15.9051318484383,32.5,24.025000000000002,3.977503200204813,442.2,22.2757123655914,39.7,29.099999999999998,9.54878200204813,144.9,25.090114567332307,46.1,33.57282608695652,13.082578084997442,77.2835685483871,,,,,0.0,23.010306579621098,44.8,33.27989130434783,11.23823220686124,488.62,22.427432155657964,38.1,30.79728260869565,4.8120487711213515,1273.85,22.45821300563236,42.5,29.80217391304348,6.659397721454173,180.5,16.967002048131082,38.8,25.368478260869566,4.945024961597542,170.6,24.005286738351256,39.6,33.1570652173913,7.708872247823861,295.86,18.504125064004096,38.3,26.095652173913045,4.458198924731183,162.4,23.615364823348695,40.5,34.12173913043478,8.323521825396826,327.35,24.80076356886841,39.5,32.9195652173913,11.605020481310804,1354.11,25.40711149513569,40.3,33.08586956521739,11.814251792114696,1191.178855138,19.744161429967882,37.8,31.087625000000003,13.304384920634922,328.53,28.763980414746545,43.1,37.029347826086955,14.174731182795698,1044.63,22.48478110599078,36.2,30.094565217391303,10.453470942140298,1239.92,28.33488287250384,41.7,36.05978260869565,15.226267921146954,905.5080458929,16.776045826932926,29.5,24.004347826086956,9.64907962109575,1490.71,26.935428187403996,41.7,34.72228260869565,13.044961597542242,1153.4802469272,21.01213901689708,38.0,28.979347826086954,8.946493855606759,721.9125,25.307991551459295,41.2,34.29891304347826,12.529192908346134,1383.59,29.55676779313876,42.5,37.88369565217391,13.775065604198668,24.599999999999998,31.21886008704557,46.0,40.729891304347824,13.895083845366104,52.410000000000004,20.89741231438812,35.7,29.19945652173913,4.80903801843318,236.4,28.265897337429596,41.5,35.81086956521739,14.389152585765489,291.3,32.46675307219662,49.2,42.15869565217391,16.484131784434204,6.699999999999999,34.22537122375832,49.3,42.34891304347826,18.47501664106503,306.2,27.267392473118278,41.8,34.957608695652176,14.094850230414748,375.7541,,,,,0.0,34.80361879160266,46.6,39.607608695652175,16.09356758832565,238.33,34.80935227854582,46.6,39.46467391304348,21.25011392729135,200.75,33.68530465949821,48.5,42.01576086956521,19.42107910906298,187.74,29.874295314900152,42.3,33.55869565217392,21.433985141202882,176.82999999999998,32.007549923195086,44.9,34.80978260869565,20.357983870967743,189.89,,,,,0.0,34.9026164874552,48.0,41.63586956521739,17.342964669738862,130.63,,,,,0.0,34.274439055377435,48.5,42.029347826086955,17.93711952333179,68.8,31.559130184331796,45.5,35.20923913043478,20.066217357910904,18.2,33.41143305171531,48.0,41.88586956521739,15.686799155145929,101.1,31.813006272401434,47.5,39.69347826086957,17.718133640552995,329.4,32.078472222222224,46.2,39.63260869565217,16.732747055811572,317.64,31.192418074756784,46.0,39.379347826086956,16.428975294418844,666.91,30.74437211981567,44.6,38.81739130434782,16.263587429595493,203.54,30.692037250384022,45.0,38.71847826086957,16.31644073220686,342.14,32.62013376856118,46.7,40.35217391304348,16.9309811827957,510.78999999999996,29.862974270353302,45.4,38.88913043478261,17.752278545826933,0.0,31.097662570404506,45.2,38.891304347826086,,456.82,,,,15.727105734767024,216.66,31.49014912954429,47.0,40.13369565217391,17.461003584229392,252.64,32.07680555555556,46.0,39.93043478260869,15.485504992319507,0.0,29.759848310291858,45.5,39.02065217391304,,229.81,,,,16.881736431131593,720.95,31.24023937532002,46.5,39.86086956521739,15.157936507936506,4976.06,29.111547619047617,43.7,37.37608695652174,16.686536406022295,31.06038963724448,44.13846153846154,39.28428093645485,,27.837844497792293,13.807288811413082,485.2986540093795
1990-12-31,14.345988863287252,31.2,20.98695652173913,2.3257994111623144,514.0,24.54062788018433,40.8,33.743478260869566,11.320113927291347,63.3,26.868553507424476,46.4,38.20815217391304,15.50996095750128,85.2,,,,,0.0,24.789918074756784,47.3,36.81195652173913,12.997972990271379,412.52,23.442064132104452,38.1,32.43043478260869,6.247228622631848,1578.6,25.06648233486943,44.5,35.93152173913043,7.477853302611368,90.4,20.201274961597544,39.9,30.777173913043477,6.220506912442396,87.82,25.11175947260625,40.0,35.16304347826087,8.751468894009216,313.37,20.661660906298003,41.0,31.26195652173913,5.695381464413722,288.8,24.765185931899644,32.5,35.005434782608695,10.6017285906298,458.85,25.423916410650282,41.4,35.220652173913045,12.11004672299027,2050.63,26.25681195596518,41.7,35.7054347826087,13.094077700972862,1617.3825509302999,20.934354198668714,37.8,31.758695652173916,13.864640296979006,655.3,28.344256912442393,43.9,37.35434782608696,15.058167562724014,1537.9,22.914210829493086,36.2,31.031521739130437,11.507652969790065,1703.75,27.364645300935624,41.7,35.965374999999995,15.117548526742075,1324.434769104,17.61717485919099,29.6,24.75978260869565,10.258705197132617,2079.32,27.50203149001536,43.3,36.87826086956522,13.011028545826933,1391.569594236716,21.932046850998464,36.8,30.85108695652174,9.724537890424987,793.2,25.563885688684078,40.8,35.45326086956521,13.61441628264209,1651.14,31.10221337801983,43.5,39.23913043478261,15.747600195503422,91.5,31.85367447516641,51.4,41.88478260869565,15.167755376344084,159.21,22.11418138760881,36.2,30.955434782608698,6.068733998975934,303.6,29.422468637992832,43.0,38.17065217391304,15.617475038402459,206.0,33.64061187916027,48.0,43.370652173913044,17.640016001024065,47.1,34.87545058883769,48.5,43.654347826086955,18.6631643625192,120.1,27.723823446284722,40.4,36.48695652173913,15.822748335893499,358.454727,,,,,0.0,34.325053763440856,47.8,39.029347826086955,17.74681707629288,470.63,33.427198540706605,45.0,38.5375,21.14699692780338,160.92000000000002,34.33817268305172,48.5,42.743478260869566,19.862870583717356,117.19,29.49235407066052,40.5,33.20652173913044,21.646400409626214,81.52,31.76584741423451,42.2,34.005434782608695,19.976499615975424,129.65,,,,,0.0,35.21731886840758,47.7,42.67934782608695,18.80738543266769,175.42000000000002,,,,,0.0,34.91718029953917,47.5,43.15978260869565,16.89836155332123,81.0,31.31978046594982,43.5,34.50326086956522,19.16910681526457,21.0,33.716164234511005,46.0,41.79891304347826,17.644869431643624,82.9,31.47810739887353,45.8,40.175,18.749093061955964,343.68,32.721555939580135,45.6,41.0445652173913,18.002085253456222,401.12,31.539434203789042,46.4,40.63913043478261,17.36935579877112,1195.6599999999999,30.798829365079367,46.9,39.47826086956522,17.21870455709165,42.44,30.38600806451613,45.3,38.970652173913045,17.345969662058373,614.15,33.27271249359959,47.0,41.893478260869564,17.537979390681006,975.41,29.694754224270355,46.7,39.91195652173913,18.496932923707117,0.0,30.694608294930873,44.0,38.41630434782609,,489.76,,,,16.987725934459807,171.8,31.618931131592422,46.5,41.11086956521739,18.971557859703022,454.09,32.550037122375834,46.7,41.46086956521739,16.471023425499233,0.0,29.79087941628264,45.5,39.607608695652175,,401.78,,,,18.032550563236047,1469.8799999999999,31.234496927803377,46.0,40.36630434782609,15.86360599078341,7063.88,28.898677035330262,43.4,37.55326086956522,17.659683992083185,31.11126477017606,44.676923076923075,40.04832775919732,,28.373772821676884,14.711059313013282,646.8024378013149
1991-12-31,16.557738095238093,34.6,25.724999999999998,3.642570404505888,515.9,23.040289938556068,38.9,30.546739130434784,10.52624295954941,63.199999999999996,25.152636328725038,43.3,33.88913043478261,14.353956093189964,121.10000000000001,,,,,0.0,23.25542242703533,42.8,32.756521739130434,11.251466333845366,763.99,22.259587813620072,39.2,30.176086956521736,7.825912698412698,1863.5,23.327227982590887,41.7,31.343478260869563,7.210654761904762,124.2,17.851607782898103,38.3,25.796739130434784,5.149281874039938,158.6,24.088258448540703,40.0,33.922826086956526,8.52447004608295,423.6,19.14404761904762,38.3,28.195652173913043,4.712626088069636,164.1,25.91500704045059,41.0,35.88913043478261,12.879935355862775,413.3,24.49697004608295,41.9,33.268478260869564,11.332538402457757,2033.1,25.318485663082438,40.8,33.86195652173913,12.253047235023041,1340.7094935898,20.457224142345108,37.2,30.099999999999998,13.225580517153098,569.3,27.622116615463387,42.8,35.99239130434783,14.222624167946748,1188.05,22.384558371735793,36.3,29.959782608695654,9.98779505888377,1499.56,27.888233486943165,42.2,36.17065217391304,15.051200076804916,954.313415221,17.80790182935344,31.0,24.414130434782606,10.193099427454266,1761.44,26.596358166922684,42.0,34.846739130434784,12.360139528929851,1232.9611052002351,20.98700908858167,35.5,28.55217391304348,8.435421786994368,769.8,24.79717869943676,39.9,33.14836956521739,11.934074500768048,1640.14,29.601036226318485,45.0,38.56847826086957,14.633199564772147,79.3,31.061038146441373,47.2,41.13478260869565,14.576351766513056,119.12,21.556294802867384,36.4,30.702173913043477,5.930403865847414,250.7,28.883363415258575,42.6,37.35108695652174,15.459457885304658,243.6,31.94739567332309,48.5,41.995652173913044,16.998488223246287,19.6,34.24644201228879,50.5,43.74239130434783,18.851312083973376,167.3,27.27203454479605,42.8,38.60655737704918,15.499893753200205,141.4333237957,,,,,0.0,34.857363031233994,50.0,39.97391304347826,16.634938396057347,24.6,33.611820276497696,48.5,39.69076086956522,20.748902329749104,8.5,33.894917133520075,51.5,43.2820652173913,19.199497756091684,13.540000000000001,29.58887960829493,39.2,32.85,21.442403353814644,105.2,32.04911546338966,41.8,34.606521739130436,20.602983230926778,24.639999999999997,,,,,0.0,35.11796594982079,50.0,43.00326086956522,17.689505248335895,53.41,,,,,0.0,34.66601769271854,51.0,43.19130434782608,17.284609613803163,56.3,31.21385944700461,42.0,34.59891304347826,19.334962426912966,229.0,33.863060035842295,50.0,42.54891304347826,15.781248079877113,25.8,32.00393945212493,45.9,40.88478260869565,18.170838453661034,281.31,32.62604710701485,48.9,41.756521739130434,17.35910650281618,260.8,30.97415514592934,46.8,39.27717391304348,17.035782770097285,987.06,30.579738863287247,45.6,38.981521739130436,16.401095750128007,54.64,29.886662186379926,46.1,38.232608695652175,16.34114439324117,635.72,33.049122503840245,49.9,42.005434782608695,16.324569252432156,519.16,28.92676075268817,43.9,37.51086956521739,17.809224910394267,0.0,30.736175115207374,44.5,38.27391304347826,,463.46999999999997,,,,16.53316692268305,130.14,31.093283410138252,47.0,40.167391304347824,18.184752304147466,384.59000000000003,32.044800947260626,48.5,41.15217391304348,15.406639144905276,0.0,29.038853046594983,44.2,37.68804347826087,,381.92,,,,17.45772145417307,895.47,30.934435483870967,48.0,39.81086956521739,16.128750640040963,5191.0003459,28.83309267793139,43.7,37.08695652173913,17.099303192327387,30.829432480601838,45.06923076923077,39.448327759197326,,27.87869924438273,14.203936542599028,543.4849571056801
1992-12-31,14.957898282041775,31.3,22.463043478260868,3.501406810035842,512.2,22.8272392164133,38.6,31.50326086956522,10.774745705104436,139.5,24.670459924607588,43.9,34.56141304347826,13.743590718081819,312.2,,,,,0.0,23.328474539611914,42.1,33.325,11.202697132616487,867.33,21.931612130762574,38.1,28.87608695652174,8.142595167470029,1934.35,23.41773390186627,41.6,33.108695652173914,7.580484797923618,98.80000000000001,17.486167964404896,38.3,27.394565217391307,4.639748485972068,315.62,24.111258188110245,39.4,33.0445652173913,8.155452354467927,409.87,19.27536954640959,39.4,29.191304347826087,4.997728340131009,287.9,25.70113243109628,41.0,33.95108695652174,10.990840131009763,324.59999999999997,23.72237640588308,40.8,32.11086956521739,11.825532999629218,1920.25,25.09295776171054,41.1,32.868478260869566,12.20554535904091,1874.171240054,20.19360029662588,36.1,28.584782608695654,13.203344765789149,757.61,27.661809603262885,43.1,35.2695652173913,15.15374156470152,1219.35,22.091170436287232,36.0,28.87608695652174,9.935056235323199,1759.5,27.62353355580274,41.4,34.85326086956522,14.950058707205537,1294.533132317,17.200469657644295,30.2,22.98804347826087,8.704516438017551,2433.88,26.669140711902113,41.9,33.96847826086957,13.084565566679027,1413.222716527488,20.905240081572117,35.8,27.89673913043478,6.930536707452725,1120.9,24.579076442961313,38.8,32.425,11.528161537510814,1371.39,29.167705784204674,43.0,38.43152173913043,15.27711593128167,137.2,30.97999073044123,45.9,40.98695652173913,12.881305462859968,104.4,21.328915770609317,35.8,29.3,5.711040198986528,298.7,28.262014584105795,42.5,36.452173913043474,14.526837844518601,445.4,32.72744901742677,48.0,42.256521739130434,16.258365776789024,0.0,33.64623037943394,51.0,43.09782608695652,19.039459805427548,319.9,26.820245643307377,41.7,34.81847826086957,14.882404369052033,386.148419055,,,,,0.0,34.410123285131625,46.5,40.09021739130435,17.610471820541342,395.2,33.512094611296504,45.3,40.107608695652175,20.90689933259177,444.96,34.05081788406872,52.5,43.60978260869565,20.15262483005809,277.20000000000005,29.521495952292668,41.7,34.153260869565216,20.887450562353234,96.62,31.75416975651959,42.5,35.11086956521739,20.809706154987023,606.47,,,,,0.0,34.721101532567054,50.0,43.28804347826087,18.177490112470647,386.25,,,,,0.0,34.41485508589791,51.5,44.21086956521739,17.67085767428509,547.9,30.692761865035223,45.0,35.02717391304348,19.500818038561366,163.1,34.2991951484895,49.0,43.17567567567567,18.518249289333827,287.8,31.298826473859844,47.5,39.702173913043474,18.110998176986776,421.31,32.14434835001854,50.0,41.06195652173913,17.091318028261856,378.67,30.527545464978726,44.2,38.36739130434783,17.04316061055494,1134.52,30.285012668396984,45.3,38.04130434782609,16.589211160548757,83.69,29.469508249907307,45.3,37.1054347826087,16.696338524286244,873.17,32.96139923989618,50.8,41.80978260869565,15.618542825361514,627.9399999999999,28.655303732542333,43.9,36.42826086956522,18.46374119391917,0.0,30.682410703250525,45.7,37.89891304347826,,1081.51,,,,16.177617723396367,512.69,30.774318069459895,46.5,38.97608695652174,18.181072487949574,580.02,31.628533555802743,49.8,40.46521739130435,15.611581386725993,0.0,29.02829810901001,46.6,37.075,,703.7,,,,17.297083796811272,1454.69,30.370262328513164,46.0,38.380434782608695,16.03169818316648,8676.2518865,28.735803670745273,43.7,36.504347826086956,17.05905959335951,30.483518309981743,45.74615384615385,38.58871934225195,,27.616019540723354,14.163936131012019,773.9368036009905
1993-12-31,14.801598116072531,32.8,23.083695652173912,3.768925818148913,689.3,23.15500384024578,40.0,30.608695652173914,10.793714797747056,204.1,25.75305555555555,44.4,35.073913043478264,14.370517153097799,193.4,,,,,0.0,24.54053935241329,42.4,34.22880434782609,11.823486303123401,568.45,23.758178443420377,39.6,30.991304347826084,7.848644393241167,1278.3,24.186591781874043,43.5,32.28695652173913,7.152818100358423,98.1,18.140081285202253,39.4,26.81086956521739,4.6351260880696366,256.42,25.12620391705069,40.3,34.26086956521739,8.056827956989247,233.58,18.827814260112646,37.2,26.964130434782607,4.3441641065028165,221.9,27.61823397266595,41.5,35.608695652173914,14.784879329741893,240.8,24.510018561187916,40.6,31.741304347826084,13.105334101382489,1341.6,26.58765168970814,43.3,34.36630434782609,12.306219918074758,1562.1399895483,21.387315668202763,39.9,30.030434782608697,14.233685355862775,554.1,28.78711841921519,43.9,36.5304347826087,13.855444072056976,834.32,23.18259280593958,38.5,30.258695652173916,9.730108806963646,1078.74,29.351390168970813,43.9,36.41413043478261,13.890297453111074,897.7357443095,18.43485087045571,32.6,24.632608695652173,8.369986559139784,2079.39,28.290961341525858,44.9,36.00163043478261,13.523921530977981,1402.755112565,22.244253712237583,36.7,29.183695652173913,7.125231054787506,919.3,26.349214669738867,41.0,34.7054347826087,11.858147721454174,945.91125,30.542971070148486,45.5,38.97934782608696,15.612999231950845,27.8,31.906589861751154,48.0,41.69021739130435,13.901772913466461,69.50999999999999,22.3424948796723,36.6,30.467391304347824,5.644928315412187,123.1,29.883019073220684,42.4,37.9,15.553045314900153,158.5,32.53209165386585,48.9,41.91630434782609,16.573737199180748,0.0,35.548812083973374,49.7,44.04347826086956,19.227607526881723,177.1,28.68839349718382,42.0,36.339130434782604,15.755337941628264,433.247258,,,,,0.0,35.81215949820788,46.2,40.356521739130436,17.797440476190477,210.31,34.55433755760369,44.8,39.90652173913043,21.43849846390169,60.96,35.06267089093702,51.0,43.78260869565217,19.980906938044033,37.81,31.259205069124423,40.0,34.45869565217391,21.28162890424987,27.01,33.02578405017921,41.0,35.54347826086956,21.4113818484383,35.54,,,,,0.0,36.162396953405015,48.2,43.18641304347826,18.445872375832053,57.31,,,,,0.0,35.342623451817,48.5,43.029347826086955,18.057105734767024,103.6,32.58687980030722,43.0,35.766304347826086,19.889000896057347,53.3,34.73533026113672,48.0,42.71195652173913,17.68620135688684,65.4,32.77560867895546,48.2,40.62826086956522,17.926800435227854,209.46,33.68994943676395,47.6,41.26195652173913,16.894578853046596,270.94,32.157642729134665,47.9,40.18695652173913,17.235838453661035,761.84,31.591095110087043,47.0,39.38695652173913,16.539859831029187,101.24000000000001,31.17159946236559,47.3,38.72391304347826,17.160252176139274,424.09,34.3351472094214,48.3,42.11195652173913,16.0547414234511,365.21,30.201280081925244,47.8,38.667391304347824,18.762753456221198,0.0,31.552910906298006,46.8,38.857608695652175,,656.87,,,,16.336671146953403,300.91,32.2857859703021,49.0,40.5445652173913,18.457393753200204,466.59,32.93492703533026,49.2,40.67173913043479,15.667908346134153,0.0,30.538451740911416,47.3,38.65217391304348,,301.25,,,,17.914297235023042,871.38,32.27748719918075,48.7,40.13804347826087,16.202590245775728,5322.1862079,29.995280337941626,45.4,37.8,17.243000905904132,31.960125251092993,47.107692307692304,39.809866220735785,,28.849714384680798,14.412890455518088,505.4223252282
1994-12-31,15.519701100870456,31.7,23.088043478260868,4.046705709165386,500.6,23.234403481822838,41.1,31.86195652173913,11.601749231950846,217.1,25.80420250896057,46.6,36.28804347826087,14.760985023041476,261.4,,,,,0.0,24.11721262160778,42.6,35.233695652173914,11.937696492575524,692.13,22.818787122375834,40.0,30.91304347826087,8.340625320020482,1779.4,24.0178955453149,43.2,34.02717391304348,8.070513952892986,121.6,18.623377496159755,41.1,29.18152173913043,5.142139016897081,229.8,24.738145801331285,40.0,34.54130434782609,8.804519329237072,306.07,19.41699884792627,40.0,29.703260869565216,5.295184971838197,331.6,26.38735599078341,42.0,33.40652173913043,12.996059267793138,359.7,23.459606374807986,40.7,31.770652173913046,12.923694956477213,1586.1,25.52614503328213,44.4,33.99673913043478,12.751125192012289,1716.6297007233,20.06206861239119,40.3,29.69347826086957,12.941596262160779,691.75,27.801723223013543,44.7,36.34782608695652,14.246893590280688,1696.48,22.10930171530978,38.0,29.770652173913046,9.081656426011264,1600.0,28.36258832565284,44.6,36.09347826086957,14.497637845859174,1371.49083237,17.959729902713775,33.6,24.731521739130436,8.345711725550435,2221.1,27.087900025601638,45.0,35.142391304347825,13.761074628776242,1609.4529250586031,21.293985535074246,37.9,29.381521739130434,6.407483358934972,899.65,25.514388760880696,42.7,34.37717391304348,11.506390809011776,1040.46,29.937800179211468,44.4,38.3445652173913,15.689873271889402,101.7,31.869723502304144,47.0,41.43043478260869,14.585252816180237,87.51,21.53638952892985,35.7,30.246195652173913,6.303044034818228,157.5,28.235174731182795,42.1,36.08804347826087,14.777085893497185,594.7,32.79567844342038,48.9,42.327173913043474,16.767344470046083,57.75,34.26126792114695,50.0,42.88369565217391,19.415755248335895,313.6,27.65541794674859,43.4,35.87663043478261,15.579137224782386,239.6738273,,,,,0.0,34.99478494623656,50.9,39.87282608695652,16.450530593958014,499.2,33.62376536098311,46.3,39.26086956521739,20.812483998975935,487.16,33.8299263952893,50.3,42.60434782608696,20.45556899641577,366.46999999999997,30.62805683563748,38.0,34.06576086956522,20.232446236559138,110.62,32.35041538658474,42.0,34.54673913043479,19.856353686635945,440.0,,,,,0.0,34.95600806451613,50.0,42.10434782608696,18.215757808499742,579.72,,,,,0.0,34.22216397849463,48.7,41.86413043478261,17.973636072708654,404.6,31.493438940092165,43.0,34.29184782608696,20.686207117255503,154.1,33.762132616487456,49.0,41.34239130434783,19.27068612391193,450.1,32.05623335893497,48.0,40.88478260869565,17.813570148489504,434.78,32.68522529441884,47.5,41.47608695652174,17.27475038402458,175.79,31.225064004096264,45.5,39.07065217391305,17.29644457245264,999.64,31.155350742447514,47.7,40.01413043478261,17.08898233486943,117.5,30.550503712237585,48.0,38.88369565217391,17.274381720430107,467.16,33.44130120327701,49.3,41.70326086956521,15.403419738863287,543.07,29.558185483870968,52.2,39.69673913043478,18.886113031234,0.0,30.930648361495134,47.0,39.11195652173913,,531.36,,,,16.942671530977982,303.42,31.470535714285713,50.0,40.470652173913045,18.339571172555043,642.68,32.246113031233996,49.8,40.97934782608696,15.458272529441885,0.0,29.383009472606247,48.6,37.93043478260869,,360.77,,,,17.719447004608295,1199.6399999999999,31.142508320532514,49.0,40.01086956521739,17.00036726714146,6186.6570171,29.504207629288274,46.5,37.698913043478264,17.280485471070147,31.17312945566978,47.06153846153846,39.84088628762542,,28.13059357175083,14.45528742063501,671.0997093065167
1995-12-31,15.448145161290322,33.9,24.709782608695654,4.290451228878648,653.9,22.99989503328213,40.0,31.76304347826087,10.511139272913466,145.9,25.676346646185355,46.7,35.75760869565217,14.502594726062469,145.9,,,,,0.0,24.00359639016897,43.2,33.745652173913044,11.516954045058883,648.04,22.99258512544803,40.6,31.575,7.736607782898106,1536.55,23.71358870967742,43.5,33.175,7.227843061955966,110.6,16.947286866359445,40.5,22.919021739130436,4.148960573476702,363.41,24.430076804915515,40.5,33.96086956521739,8.412152457757296,0.0,18.001452252944187,40.0,28.917391304347827,3.3649743983614955,179.1,27.314454045058884,42.5,35.81521739130435,11.266392729134665,284.0,23.678693676395287,40.6,32.2195652173913,12.576568740399386,1303.02,25.950216333845365,44.4,34.9820652173913,12.294922555043522,1479.086277119,21.072658148303308,40.6,30.92065217391304,12.95222804077643,621.29,28.263311571940605,45.6,36.65108695652174,14.231345366103431,1615.5,22.305540194572455,39.2,30.42065217391304,8.237396313364055,1234.4,27.504216589861752,45.2,36.02445652173913,15.104978238607272,1506.153633545,17.853539426523298,34.5,25.218478260869563,8.294964157706094,1961.18,26.697489177489174,46.2,37.58241666666667,13.341597542242702,1545.1190837916001,21.59695020481311,38.4,30.035869565217393,5.008493983614952,620.15,25.440482590885818,42.8,34.96195652173913,10.841879160266258,1031.31,29.613276369687657,49.2,38.27391304347826,15.740195212493601,112.4,31.2542722734255,47.0,40.86413043478261,14.527032770097287,153.61,21.225980542754737,35.5,29.504347826086956,5.950316820276498,244.20000000000002,28.111659626216078,43.1,36.02173913043478,12.653867767537122,559.4,32.641715309779826,48.9,41.93369565217392,16.488632232462876,28.599999999999998,34.726786994367636,50.6,43.829891304347825,19.528077956989247,191.7,27.70937083973374,43.0,36.14565217391304,15.324536610343062,165.504233347,,,,,0.0,34.923507744495645,50.0,40.32282608695652,16.47665002560164,190.6,33.74114055299539,46.0,39.7,21.01798323092678,95.9,33.675944060419866,50.0,42.848369565217396,20.57185035842294,91.63000000000001,30.380523553507427,43.0,33.90108695652174,20.265103686635943,224.57000000000002,31.93038626472094,41.0,35.51521739130435,20.28072516641065,296.748,,,,,0.0,35.208131080389144,49.0,42.49891304347826,18.192286226318483,212.61,,,,,0.0,34.01898105478751,47.5,42.046195652173914,16.517650118698505,202.3,31.217146697388632,44.0,34.73913043478261,20.116065028161803,130.0,33.8422996671787,49.0,42.569021739130434,20.070135048643113,178.1,31.97885048643113,47.9,41.17717391304348,17.378556067588324,412.49,32.57122055811572,48.0,41.6445652173913,17.072729774705582,248.1,31.28568100358423,47.6,39.67934782608695,16.818257168458782,1158.1,31.106989887352793,47.5,39.82826086956521,16.601813236047107,174.85,30.054975678443423,48.6,38.619565217391305,16.796558499743984,318.15,33.036283922171016,48.0,41.891304347826086,16.314582053251407,825.14,29.727432795698927,49.4,39.91195652173913,18.714246671786995,0.0,30.517956349206347,47.1,39.07065217391305,,787.13,,,,16.467777137736814,269.37,31.329464285714284,49.5,40.65217391304348,18.04075396825397,618.8199999999999,32.2144143625192,49.4,41.42717391304348,15.004141065028163,0.0,29.907421274961596,48.0,39.17663043478261,,319.25,,,,17.42297299027138,975.95,31.168353814644135,49.0,40.380434782608695,16.150391065028163,6849.826497,29.369544930875577,46.8,38.1554347826087,17.056984126984126,31.09562154541993,47.51538461538462,40.1234392419175,,28.02951716953894,14.06986360121482,611.4751430519
1996-12-31,15.223807007786428,32.8,23.906521739130437,3.285720553701644,451.4,22.536652453343223,37.8,28.625,10.98356816215548,253.3,25.323280342355705,45.0,33.04891304347826,13.733772401433692,202.0,,,,,0.0,23.967332220986282,42.0,32.985326086956526,11.681944753429738,719.6,23.89573353108392,35.3,29.691304347826087,7.891860400444938,1428.05,23.547741008527993,43.0,30.31413043478261,6.516798294401187,255.0,16.5377607835867,37.2,18.568478260869565,4.208809267241379,383.3,24.777438820912124,39.0,33.55978260869565,7.402818872821654,134.2,17.685798726980597,37.6,25.36086956521739,3.847588369793597,454.5,28.54143739957978,42.5,36.80760869565218,9.848819367198121,313.6,23.51661599307873,36.9,30.393478260869564,12.653064825114326,1447.3,26.137898436534424,39.4,32.985326086956526,12.572729267086887,1424.252465736,19.570430725497467,36.7,27.849999999999998,12.900605456680262,558.59,28.00435871507062,41.9,35.728541666666665,14.364154616240269,1326.83,22.53053732542331,34.0,28.402173913043477,10.576344395006798,1409.12,27.1784711407737,39.4,33.41847826086956,14.5424477814856,1117.2,17.986286614757137,30.5,23.555434782608696,8.199493882091213,2184.05,27.334677110369544,41.0,33.595652173913045,13.348582993449511,1571.20884283,21.93283185020393,34.2,28.467391304347824,4.389874242986034,1004.95,25.73035193424793,39.3,33.504347826086956,12.05372759856631,966.48,29.68049314052651,43.5,37.856521739130436,14.707226548016315,83.3,31.047649857866762,48.0,40.41304347826087,14.468812724014338,127.11,21.64616580150785,35.0,29.311956521739127,4.799519218885181,236.8,29.11810236682734,41.8,36.05326086956522,13.874979915955999,262.3,32.0179954579162,47.2,40.653260869565216,17.02493016932394,75.0,35.04049283154122,50.6,42.64021739130435,20.48185916450377,106.3,28.42260227413175,42.5,35.18695652173913,16.61467050932012,112.64449656,,,,,0.0,35.58072719688543,48.0,40.31467391304348,17.16824990730441,186.8,33.78487455197132,45.5,39.28369565217391,21.289121554813992,16.46,34.0334269558769,50.0,41.61304347826087,19.501835218143615,95.62,29.93301894079842,42.0,33.83967391304348,20.43683259176863,51.95,32.032168767766656,42.5,35.035869565217396,20.606465208256086,91.17,,,,,0.0,35.59110616734643,50.0,42.529347826086955,17.375081263131875,14.23,,,,,0.0,34.31279377328425,50.0,42.19510869565217,17.52096990483253,60.5,30.92768585465332,43.0,34.308152173913044,19.697092448399456,121.3,34.20071684587814,51.0,41.53260869565217,18.219566493634904,22.4,31.988802990977632,46.7,39.26521739130435,16.801598380917067,230.58,32.92488289457422,47.5,40.426086956521736,16.605504263997034,346.99,31.90747559016191,47.6,39.004347826086956,16.669822333456928,989.23,30.92112965022865,47.0,37.7304347826087,16.661924669385737,28.13,30.135000308985294,44.2,36.84239130434783,16.854486157458904,436.16,33.26506488691138,47.2,40.93478260869565,16.717466938573725,1188.77,30.133075639599554,45.0,38.46195652173913,18.459761463354344,0.0,30.489572055370164,44.9,36.7,,643.19,,,,16.660599740452355,211.64000000000001,31.4921347793845,47.0,39.11413043478261,17.84281670992461,667.5600000000001,32.58372605363984,48.7,39.7695652173913,15.735386540600667,0.0,30.406034482758624,47.0,38.32608695652174,,444.83,,,,17.47202292670869,1641.1,31.024383574341858,48.0,38.46195652173913,15.4992976764306,7368.9426667,28.932519157088123,43.4,35.70869565217391,16.959286457887682,31.237957892435087,46.43846153846153,38.50259197324415,,28.135424457646696,14.035304338791471,619.7396013301111
1997-12-31,14.985128008192524,31.7,21.18804347826087,3.515622759856631,887.0,23.87333525345622,43.1,32.54565217391304,11.3212448796723,145.8,26.537784818228364,47.7,36.34619565217391,14.934342037890424,186.7,,,,,0.0,24.325449948796727,42.1,33.30217391304348,11.84372311827957,565.47,21.617721454173065,35.6,28.72717391304348,8.02326676907322,1363.95,24.792914106502817,46.3,34.17934782608695,7.361871479774705,131.0,17.379976318484385,39.3,23.23586956521739,6.425750768049156,311.14516129032256,24.12767537122376,41.0,33.608695652173914,8.744920634920636,0.0,19.927618407578084,40.6,29.429347826086957,5.500835893497183,163.0,26.68773937532002,41.0,36.59891304347826,12.446033026113673,518.8,20.493800563236046,36.6,19.418478260869566,11.929993715961457,1364.97,25.54536610343062,40.6,32.78152173913043,12.602407834101383,1452.978623221,18.470320660522273,35.6,27.344565217391303,12.2222688172043,615.6,27.195264976958526,41.7,34.29891304347826,14.311770993343574,1414.21,21.534262032770098,33.9,27.778260869565216,10.409585253456221,1582.1100000000001,26.0869726062468,40.7,33.18804347826087,14.343143241167434,1333.2,16.660282258064516,28.5,22.35108695652174,7.33853750640041,2023.21,26.59906490015361,40.6,33.31521739130435,13.332959549411163,1457.76071954,21.4360899315738,36.5,27.724999999999998,4.176844016198855,1113.15,24.158802483358937,39.5,31.90978260869565,11.88061763952893,989.6,28.985835893497185,44.0,37.24130434782609,14.47153097798259,302.5,31.043694316436255,49.0,40.51413043478261,14.410592677931389,124.2,20.537203020993346,35.5,28.777173913043477,5.721607142857143,598.9,27.782967229902713,47.7,35.59782608695652,10.936466333845367,347.0,32.25624615975422,48.6,41.35108695652174,17.178495263696878,73.8,33.39329237071173,48.6,41.256521739130434,20.148087557603688,260.7,27.372985616534002,39.6,33.776630434782604,16.42578283530522,296.429560039,,,,,0.0,34.74496735791091,47.7,40.643478260869564,17.81919674859191,221.03,32.78460061443932,43.4,38.48586956521739,20.853215565796212,79.08,32.643967613927295,49.0,40.99402173913043,20.018167562724013,272.31,29.472167818740402,38.0,33.64673913043478,20.96718509984639,283.7,31.34260432667691,40.7,34.66358695652174,21.419652457757294,150.17,,,,,0.0,34.42911354326677,48.5,41.64565217391304,17.32815510183082,107.38,,,,,0.0,33.35196108550947,48.0,40.9695652173913,17.876400210992813,69.6,30.337304147465435,39.0,34.34782608695652,20.189153225806454,164.8,32.85934459805427,47.5,40.9125,18.32166218637993,136.8,32.21773002851493,44.4,39.31240384615385,17.644430363543268,278.01,31.602107654889917,46.3,39.25271739130435,16.407597402597403,806.76,31.379690685658428,44.5,38.096739130434784,16.619066820276498,1335.4,29.345218253968255,43.5,37.244565217391305,16.681441372247825,120.97,28.837128136200718,44.4,36.35978260869565,16.57551180002793,660.17,32.346453420275274,45.8,39.846739130434784,16.231224398361494,1126.66,28.559390040962622,45.3,36.875,18.650812211981567,0.0,28.757290066564263,43.2,35.7304347826087,,687.3,,,,16.598086277521762,264.46,30.165319380440348,45.5,38.52173913043478,17.857977470558115,299.65,30.968786482334867,45.8,38.868478260869566,15.494019689987432,0.0,28.943390587906716,46.0,36.869565217391305,,625.7099999999999,,,,17.278728238607272,1211.99,29.57404313876088,44.5,37.68478260869565,16.106899641577062,8041.1325808,26.762764976958525,42.5,31.303804347826084,16.24861372050888,28.697971324523746,43.69230769230769,36.42126532887402,,27.27862218940102,14.186642863074404,677.1530860164874
1998-12-31,16.10497823860727,34.5,24.14891304347826,4.365846774193549,416.7,24.08874295954941,38.3,30.857608695652175,10.812924987199182,159.1,26.60454813108039,46.2,34.75217391304348,14.884342677931388,206.85,,,,,0.0,25.55581925243216,45.0,33.483695652173914,12.430721326164873,647.51,23.652295186891962,35.8,30.243478260869566,8.222105094726063,1324.1,25.045665642601126,45.0,32.7,7.598427419354838,170.7,19.31004928315412,38.8,26.619565217391305,5.514455325140809,338.8,25.970395249911377,42.0,34.53804347826087,8.704027728543858,221.15,19.880076804915515,38.6,28.344565217391303,5.1094918074756785,314.9,27.47400889656938,40.4,36.07445652173913,13.54641641065028,256.5,24.51105798771121,38.9,32.31630434782608,12.624690860215054,1311.74,27.02078725038402,41.9,35.05869565217392,12.934215309779825,1127.11988622,18.470320660522273,35.6,27.344565217391303,12.2222688172043,654.3199999999999,28.951368407578084,43.1,36.60326086956522,14.782484639016898,1401.49,23.657943548387095,36.2,30.323913043478264,11.203599590373784,1270.2,27.83926011264721,42.9,35.23804347826087,14.213355734767026,981.1,19.07946108550947,31.7,24.95434782608696,8.979916154633896,1972.56,28.07574692780338,43.0,35.94130434782608,13.9778904249872,1605.6193322533,21.917884373690825,34.5,28.81413043478261,2.818872015081693,870.1,26.071236559139788,40.5,34.37717391304348,10.461354326676908,979.35,30.754466205837172,43.5,38.43478260869565,15.537535202252945,92.9,32.64170506912442,49.0,41.345652173913045,15.55240719406042,72.86,22.546724648559323,36.4,29.86521739130435,6.547030573593074,263.375,29.760194572452637,41.5,36.48478260869565,12.592389000712139,200.5,33.26779057859703,50.0,41.392391304347825,17.96834037378392,11.0,35.75147209421403,51.6,44.0304347826087,20.88188748079877,103.55,28.998017153097795,41.6,36.256521739130434,16.236895161290324,156.19817928,,,,,0.0,35.577528161802356,49.4,40.80543478260869,18.800728366615463,547.11,34.276886200716845,47.7,39.745652173913044,21.80453149001536,23.740000000000002,34.54121287762417,51.9,42.45923913043478,20.621563620071687,39.449999999999996,30.962764976958525,42.0,34.38858695652174,19.811325524833588,54.95,32.775122887864825,43.0,35.31630434782608,21.96400409626216,75.32000000000001,,,,,0.0,36.09899129544291,48.7,43.46521739130435,18.47707501280082,60.91,,,,,0.0,35.03862519201229,48.0,42.665217391304346,18.2318305171531,36.3,31.96936603942652,44.0,34.97826086956522,20.10077509512333,66.7,34.58241295442908,48.0,42.040217391304346,18.20124295954941,137.1,32.446657066052225,49.1,40.81847826086957,18.26898489503328,236.35,33.15672235023042,48.0,41.5929347826087,15.942625331657588,323.57,31.841209328306103,47.0,40.18913043478261,17.286216717869944,901.54,31.13099590373784,48.2,39.672826086956526,17.11203853046595,62.5,30.70377688172043,46.2,38.90760869565217,17.68544738863287,668.6899999999999,33.774020737327184,48.5,41.9179347826087,16.606060547875064,525.15,30.445248335893496,46.1,39.11304347826087,19.218929211469533,0.0,30.46909719312945,45.6,38.46847826086957,,760.0,,,,17.12812980030722,135.82,31.783394137224786,47.5,40.72934782608696,18.560885176651308,569.9,32.735421786994365,48.8,41.04565217391304,15.917172299027136,0.0,30.222054531490016,46.5,38.60217391304348,,409.57,,,,17.76189836149514,1035.01,31.519457245263695,48.0,40.04347826086956,16.75233422939068,5973.7011153,29.292610727086537,45.2,37.875,17.52899666194021,31.51526286437577,46.38461538461539,39.89732441471572,,28.797217131121567,14.581769147854073,551.3643243158018
1999-12-31,16.333202124935998,32.3,23.328260869565216,4.720703405017921,389.2,23.8085496671787,40.0,32.22391304347826,10.856650025601638,169.6,26.43639592933948,45.4,36.47065217391304,14.990435227854583,237.85,,,,,0.0,24.932251664106502,43.5,35.17826086956522,12.829579493087557,528.16,23.682169098822325,41.3,31.90869565217391,8.54834229390681,1536.8,24.757379672299027,43.5,34.47282608695652,7.410584997439837,207.1,18.895186251920123,39.4,28.117391304347827,5.802613927291347,682.53,25.85578917050691,40.6,35.07282608695652,8.761374167946748,112.26,19.150576036866358,37.2,28.446195652173916,5.256876600102406,291.5,28.26027841781874,42.0,35.55,14.078259728622632,146.4,25.485621479774707,39.7,33.75108695652174,12.972977470558115,1492.87,27.492868663594468,43.1,36.26195652173913,13.424254032258064,1106.7270349,21.078055555555554,37.8,29.933695652173913,11.230037762416794,564.09,29.797789298515102,43.3,37.70652173913044,15.461639144905275,991.56,23.964573732718893,37.5,31.559782608695652,11.778580389144906,1104.01,29.514212109575013,42.3,36.75217391304348,14.22970238095238,1073.3,18.77279313876088,30.5,24.921739130434784,8.386306963645675,1764.69,28.906251920122887,44.0,37.21086956521739,14.567875064004097,1144.731838621,22.916865079365078,38.4,30.785869565217393,3.975803421951921,737.65,27.28378200204813,42.2,36.54347826086956,12.337195980542754,1107.28,30.81379480286738,45.5,38.96847826086957,15.580237455197134,58.5,32.55795186891961,48.0,42.119565217391305,15.449614695340502,74.92,22.257395033282126,37.5,30.479347826086954,5.894436153004701,185.3,30.078952252944188,45.0,37.94239130434782,14.248311667578909,170.0,33.268251408090116,48.3,42.02282608695652,17.627004608294932,18.5,35.97089413722478,49.5,44.57934782608696,20.483036354326675,104.1,29.400398701378954,22.0,37.157065217391306,15.996827879742925,201.725455,,,,,0.0,35.08198028673835,47.1,37.52391304347826,18.62548323092678,189.31,34.09524641577061,45.0,38.36195652173913,21.568584869431643,79.47,34.64201420890937,49.0,42.551086956521736,20.493750000000002,89.36,30.542231822836666,41.5,33.516304347826086,19.77567218646821,0.0,32.53376600102406,42.9,34.231521739130436,21.79054147465438,14.42,,,,,0.0,36.0424948796723,50.0,42.970652173913045,18.026592421915,20.32,,,,,0.0,34.905856694828465,50.0,42.17826086956522,18.388417178699438,19.4,31.64190014367816,40.3,32.64473684210526,20.51620164781455,56.0,34.58444444444444,47.0,42.75108695652174,18.95187980030722,115.69999999999999,33.91155081925243,48.3,41.915217391304346,18.015787250384026,182.13,33.679211469534046,46.2,41.11521739130435,18.075387864823348,155.44,32.33751920122888,46.0,40.37826086956522,18.01278545826933,628.44,31.89546850998464,44.3,39.57934782608696,17.76366423451101,95.77,31.451644905273938,46.5,38.779347826086955,18.236255760368664,475.63,33.709023937532,45.5,41.1695652173913,17.448335893497184,473.93,31.235643241167434,47.2,39.93152173913044,19.699098182283667,0.0,31.12452892985151,44.0,37.89782608695652,,592.26,,,,17.69505888376856,177.38,32.12219022017409,47.0,40.29347826086956,18.92793458781362,407.53,33.20448668714798,46.0,41.11413043478261,16.764713901689706,0.0,31.270919738863284,49.5,40.505434782608695,,373.64,,,,18.417876984126984,646.5,32.777039810547876,47.5,41.11195652173913,17.200193932411675,4487.0029097,29.981440732206863,43.3,37.25326086956522,18.143978666942377,32.20814521052424,45.0846153846154,40.08035117056856,,29.133019550594472,14.886478687792748,471.87013404112963
2000-12-31,16.036335743418615,32.1,24.26086956521739,4.822056297120256,699.1,24.758850883697935,40.7,34.297826086956526,10.254436101841552,140.2,27.33950469657644,44.0,37.707608695652176,15.282554999382029,100.6,,,,,0.0,25.3358426028921,42.2,36.23695652173913,12.8343980966506,427.25,23.786901032010878,37.0,32.29347826086956,8.284639723149178,1166.5,25.22579131133358,42.5,34.87391304347826,6.164213632431096,99.3,19.808857681374366,39.4,30.22826086956522,6.612388456309479,101.32,26.234607897664073,39.4,36.00108695652174,8.313635520949203,164.65,18.279120009887528,37.4,29.047826086956523,4.943701952787047,186.9,28.309726857001607,41.0,33.18478260869565,13.76239648992708,159.6,25.3461234705228,40.0,33.28152173913043,12.607175874428377,1530.33,27.242565504881966,41.3,35.55434782608695,13.119536213076257,1176.878897583,20.898269064392533,38.9,30.061956521739127,9.746475868248671,308.63,29.747531516499816,43.8,37.90217391304348,15.46315288592263,982.88,24.09152453343221,38.0,31.662499999999998,10.839043072549748,1142.2,28.19678284513657,44.1,36.55652173913043,15.954370596959585,1184.9,18.62994530960326,30.5,24.95108695652174,5.733973241873687,1484.47,28.86085434433321,42.5,36.59021739130435,14.279339389445063,1116.135750397,22.941914781856383,36.0,31.069565217391304,5.132734828822149,471.3,27.468087690025953,41.2,35.975,11.019538684958597,730.84,31.162296069707082,43.0,39.608695652173914,15.710304041527621,26.0,33.01571962674577,46.5,42.42717391304348,12.399601717958225,7.0,22.89793659621802,35.5,32.267391304347825,5.241841732416329,91.0,31.669667779013718,41.5,38.358695652173914,15.90423433444568,135.2,33.402761401557285,47.2,42.56630434782608,17.67684062538623,5.5,36.208699480904706,50.0,44.57717391304348,19.90414689160796,118.7,29.802780249660117,42.2,38.05760869565218,15.756760598195527,74.16774734,,,,,0.0,35.71960388085527,49.6,39.28369565217391,18.375204239278208,89.73,34.37079316524534,46.5,38.66630434782609,22.09247834293997,54.63,35.19732789519219,50.0,43.69130434782608,19.990545977011497,16.94,30.271852675812635,38.5,32.60108695652174,19.74001884810283,6.0,32.224133759733036,40.5,33.9125,21.83563681868743,43.96,,,,,0.0,36.65711191447287,49.2,43.65869565217391,17.988807625757016,42.41,,,,,0.0,35.514452169076755,48.0,43.047826086956526,17.77284791743913,8.5,31.3144342479298,41.5,33.596739130434784,19.88853849956742,0.0,34.99322796934866,48.0,43.301086956521736,20.352789828204177,8.5,33.64783926585094,47.6,41.892391304347825,18.678265047583736,227.37,33.7135032752441,46.5,41.37608695652174,17.241401557285872,212.17,31.778357434186134,46.5,40.162648556876064,17.615630021011,840.5,31.91110184155234,45.5,39.56739130434782,17.403134964775678,15.0,31.21023637374861,45.7,38.517391304347825,18.181012853788157,512.1,34.17599493264121,47.8,41.77065217391304,16.6518378445186,557.62,31.327927635644542,47.2,40.34239130434783,19.434521072796937,0.0,30.930915214435796,43.8,37.67934782608695,,330.18,,,,17.34025923866024,83.11,32.25500556173526,48.0,40.35326086956522,18.62135119268323,259.05,33.265475837350145,47.0,41.4054347826087,17.120781114818936,0.0,29.99972886540601,46.0,39.108695652173914,,452.44,,,,18.0443378445186,897.61,32.22644141638858,48.0,40.12173913043478,16.942391855147694,4629.8291877,29.784755283648497,43.7,37.06956521739131,17.947453503655534,32.072621853103634,45.23076923076924,39.96561454849498,,29.225236828979018,14.633117103604118,428.1333626485185
2001-12-31,16.468060675883255,31.7,25.220652173913045,4.530305299539171,248.4,25.475284178187405,43.3,35.26413043478261,9.99141129032258,77.9,27.66362519201229,46.0,38.357608695652175,14.13332245263697,102.2,,,,,0.0,26.05182923707117,45.5,36.78913043478261,13.140103686635944,320.47,24.626064388120838,39.3,31.94782608695652,7.842667050691244,911.4,25.93701932923707,45.0,35.9804347826087,6.639639016897082,90.0,20.524379160266257,38.9,30.964130434782607,7.738562467997951,127.7,26.44606694828469,41.0,36.36413043478261,8.878771761392729,92.64,20.773384536610344,40.6,31.593478260869563,5.492420634920634,111.2,28.779413082437276,40.5,33.03260869565217,13.563044034818228,242.2,26.365277137736815,39.7,32.57173913043478,12.51909882232463,1069.59,27.970272017409116,42.2,35.01304347826087,13.243357654889913,954.6661813009999,21.216936182097474,38.9,31.975916666666667,13.579066471163246,192.46,30.228928571428572,45.0,36.44673913043478,15.409817588325652,1177.02,24.76994111623144,38.5,31.077173913043477,10.146708269329237,985.01,28.9271678187404,43.6,34.85978260869565,16.179681899641576,984.4,18.98526049667179,32.5,24.075,7.924237071172555,1317.2,29.50362263184844,43.7,35.66630434782609,14.439599334357398,957.4774395138,23.207193420378903,37.0,30.479347826086954,3.7048284690220172,713.0,27.99714413722478,42.0,35.24619565217392,11.227004608294932,727.74,31.425997823860726,43.5,39.55543478260869,15.916349846390169,55.8,34.246011730205275,48.5,43.11630434782609,12.630548196848004,53.3,22.647367895545315,35.5,32.30770833333333,4.589247311827957,94.1,30.881074928933383,41.0,38.67201086956522,16.01775121607783,155.3,33.87330069124424,48.6,42.881521739130434,18.178272529441884,9.4,36.002759856630824,51.0,44.08804347826087,19.731808115719407,213.10000000000002,29.455726446492577,42.3,36.358695652173914,15.237967549923196,158.1905204,,,,,0.0,35.98261328725038,48.0,38.73586956521739,18.192318228366616,183.5,34.58442524321557,47.5,38.40869565217391,20.87562211981567,170.79,35.06775921658986,50.0,42.756521739130434,20.206376728110598,17.849999999999998,30.278055235535074,40.0,32.93260869565218,18.81637928827445,9.0,32.66736175115207,42.6,34.07608695652174,22.10023745519713,100.47,,,,,0.0,36.72785330261137,50.5,42.94782608695652,18.619984639016895,62.61,,,,,0.0,35.770136968766,50.0,43.266304347826086,17.9198681515617,21.0,31.60394585253456,42.0,33.63858695652174,20.392005568356375,21.0,34.91599462365591,48.5,42.38695652173913,20.631446492575524,76.6,33.46589349718382,48.5,40.129347826086956,18.0352688172043,327.13,33.72701292882744,49.0,40.904347826086955,18.31292946748592,372.01,32.228767921146954,47.8,39.51521739130435,17.67557155657962,747.33,31.44282770097286,47.5,38.28478260869565,16.908668074756786,93.1,31.68114503328213,47.2,37.725,18.31883256528418,450.48,33.70841077828981,47.5,41.11413043478261,17.779044418842805,536.1,31.055218894009215,47.7,39.01304347826087,19.521837557603686,0.0,30.6945359703021,46.0,36.67554347826087,,457.8,,,,17.536461853558627,298.1,32.222363031233996,48.0,39.94565217391305,18.78131016385049,263.34,32.84788722478239,49.0,40.49130434782609,17.306539938556067,0.0,30.165079365079364,46.0,38.33804347826087,,611.5,,,,17.98252240143369,792.42,31.765005760368663,49.5,39.15217391304348,16.700997183819762,5426.2985478,29.88944316436252,45.6,36.09782608695652,17.967491827169248,31.91569119500571,47.361538461538466,39.03295707915273,,29.497130751538972,14.759332798939228,429.26467942619996
2002-12-31,17.255416666666665,33.4,26.218478260869563,4.99053955453149,381.8,24.283409498207885,41.1,32.57608695652174,11.795801331285203,154.2,26.57014336917563,44.5,35.86195652173913,14.916102790578597,152.5,,,,,0.0,24.700941500256018,41.9,34.44456521739131,11.788809523809524,571.81,23.94256592421915,38.6,32.30217391304348,8.194412442396313,1041.0,24.98453789042499,42.0,33.35108695652174,5.701256400409626,115.5,19.573885048643113,38.5,27.997826086956525,6.978328853046595,365.95,25.878279569892474,40.0,35.15978260869566,9.097804019457245,307.03,20.16404249871992,38.6,28.76195652173913,5.101968125960062,137.0,27.496223758320536,42.0,27.21195652173913,13.296620583717358,242.9,26.264295314900153,41.0,34.45869565217391,12.378401817716336,1235.21,27.158671274961595,42.8,35.94782608695652,12.697613287250384,964.609619253,21.704153865847413,38.9,31.342391304347824,13.458419098822324,579.08,30.081819636456732,46.1,39.01195652173913,15.62758064516129,580.85,24.460350102406554,39.8,32.55543478260869,11.159769585253457,1008.12,29.59707949308756,44.4,38.38913043478261,16.160817332309268,1004.9,18.74716973886329,32.8,25.811956521739127,6.785455709165387,1136.99,29.152286226318484,44.5,37.56304347826087,13.724535330261135,901.4663050536,22.586422811059908,37.0,30.95434782608696,4.9420711725550435,715.2,27.2827636968766,42.0,36.44782608695652,10.498287250384026,816.72,31.253038914490528,43.5,40.07934782608696,15.86998527905786,43.1,33.346491935483876,49.0,43.13913043478261,12.861494675737783,7.01,22.71815668202765,36.7,31.719565217391303,5.044468390804598,114.8,30.09248207885305,42.5,38.985326086956526,16.114969278033794,52.3,33.50917562724015,50.6,42.80652173913043,18.429130184331797,5.4,35.93574221477447,50.9,46.988499999999995,20.114145370758273,9.7,29.6719828469022,43.5,38.80434782608695,15.299882232462878,26.611859,,,,,0.0,36.46522913466462,48.0,40.96086956521739,17.99605030721966,4.609999999999999,34.94607206861239,48.0,39.957608695652176,21.10994367639529,9.04,35.22785650281618,51.0,44.55652173913043,20.5370359703021,17.15,29.929478366615466,40.0,33.334782608695654,20.682949948796722,25.1,32.26085509472606,43.4,34.28152173913043,21.456400409626216,55.55,,,,,0.0,37.17187019969278,50.5,44.54673913043479,18.78937019969278,4.07,,,,,0.0,36.017754736303125,51.5,44.65978260869565,18.340867255504353,9.0,31.216919482846905,42.0,33.98913043478261,20.296665386584742,40.0,35.2709229390681,49.0,44.47608695652174,20.626511776753713,5.6,34.66166026625704,49.9,43.49021739130435,18.775339338081274,147.62,34.064173998044964,48.5,42.94239130434782,17.24062275985663,270.88,32.709274833589355,47.4,41.41195652173913,17.9595308499744,529.6899999999999,32.00030785970302,46.0,40.2195652173913,17.773886968766003,8.62,31.845371863799283,46.6,40.65869565217391,18.578596390168972,623.93,34.31018625192012,47.5,42.63478260869565,17.543504224270354,332.9,30.74232654889913,47.5,40.448913043478264,20.085328341013824,0.0,31.121554659498205,45.0,39.1554347826087,,302.31,,,,17.915262416794675,101.53,32.51621543778802,48.0,41.858695652173914,18.971321684587814,299.04,33.49518049155146,48.8,41.96847826086957,17.444319636456733,0.0,29.538972094214028,46.0,39.28804347826087,,526.8,,,,18.04325716845878,544.74,32.287445596518175,48.5,41.51413043478261,16.881998847926265,3856.5656924,30.609867511520736,45.3,39.702173913043474,18.222016317762286,32.30890016345661,46.06153846153846,41.17642140468227,,29.382598485743646,14.863254084494926,377.52784214271486
2003-12-31,16.03040514592934,32.3,23.732608695652175,3.9180382744495645,416.5,23.306640424987197,40.6,31.686956521739127,11.32617895545315,339.8,25.73787122375832,45.0,35.19130434782608,14.103155401945726,356.8,,,,,0.0,24.071164234511006,42.5,33.393478260869564,10.84427541544477,657.82,23.055408986175113,38.6,30.604347826086954,8.16008064516129,1015.0,24.27904313876088,42.7,33.23804347826087,6.503741039426523,214.9,19.3288818484383,40.5,28.679347826086957,5.789783666154634,447.55,25.240165130568357,39.4,33.578804347826086,9.158437019969279,203.75,19.715003840245775,38.7,28.152173913043477,5.129841269841269,265.5,27.78550307219662,40.5,27.53804347826087,13.030197132616488,210.3,25.110155529953918,39.5,31.993478260869566,11.962842421915004,1802.93,26.171231438812086,42.8,33.68369565217392,12.112344470046082,1332.0790110616,20.967135816692267,36.7,29.58695652173913,10.934676779313875,845.02,28.76976062467998,44.4,36.59347826086957,14.896939324116744,1144.44,23.38779313876088,38.0,30.12608695652174,10.776237199180748,1513.4,28.00040834613415,44.7,36.33804347826087,15.350540427314622,1488.2,17.76664746543779,32.0,23.936956521739127,4.6525,1489.43,27.928602150537632,44.0,35.13804347826087,13.358648873527905,1347.8739824163,21.65222862263185,37.4,29.19347826086957,6.537455837173579,783.55,26.197435995903742,40.3,33.778260869565216,11.829818868407578,1183.28,30.292476318484386,44.0,37.69239130434782,15.87529761904762,38.0,32.605789810547876,46.5,41.202173913043474,13.09244115462756,175.71,22.49159946236559,34.5,29.777173913043477,5.499689469781238,149.0,29.145780849974397,41.5,35.54945652173913,15.91725806451613,198.9,32.8988716077829,46.8,41.38369565217391,18.179926395289296,7.7,35.373135560675884,52.6,43.41304347826087,20.537381400309307,155.6,29.4687760089373,43.3,35.922826086956526,16.263533724340178,160.8390752,,,,,0.0,35.02182155657962,45.5,38.96086956521739,16.917871223758322,523.33,34.01744495647721,45.0,38.839130434782604,20.858890168970813,1022.745,34.29468509984639,52.5,42.59130434782609,20.560005760368664,210.09,30.48228494623656,41.5,33.8945652173913,21.667560163850485,65.44,32.702061571940604,42.0,34.90652173913043,21.34812980030722,407.90000000000003,,,,,0.0,36.03034434203789,50.5,42.908152173913045,17.97205837173579,339.94,,,,,0.0,34.97490911418331,50.0,42.53369565217391,18.146973886328727,111.5,32.048963133640555,41.0,35.464130434782604,20.42962229200871,115.3,34.19133192524321,50.0,41.915217391304346,19.941292242703533,99.4,32.922715693804406,47.7,40.91358695652174,18.28023169482847,249.39999999999998,33.53996543778802,46.7,41.108695652173914,15.919183947772657,408.87,31.595487071172556,48.5,39.82282608695652,17.687555683563748,961.63,30.98015168970814,46.5,39.23804347826087,17.466668586789556,270.76,30.162211981566823,47.8,38.24239130434783,18.00035394265233,1000.08,33.27923707117255,47.2,40.891304347826086,16.422564004096262,627.71,29.46561827956989,46.1,37.725,19.466977726574502,0.0,29.94388632872504,45.4,37.613586956521736,,538.25,,,,17.09495583717358,161.72,31.078597030209934,49.0,39.73913043478261,18.49581221198157,904.91,32.64390168970814,48.5,41.006521739130434,16.666557219662057,0.0,29.129096262160775,48.0,37.38695652173913,,424.18,,,,17.986733870967743,1603.29,31.152640168970816,49.0,39.72282608695652,16.684557731694827,7605.5874182,28.966450972862262,46.7,37.49891304347826,17.605322826814763,31.130340501792116,47.03846153846154,39.27613573021182,,28.530641252385607,14.517574286611724,659.1834164236649
2004-12-31,15.378183166481277,32.5,23.355434782608693,3.897812693115808,591.0,24.016015943641083,38.9,31.116304347826084,11.79573105920158,154.1,26.689050179211467,43.5,34.86304347826087,15.02804813990854,146.05,,,,,0.0,25.290620442466942,41.6,34.948913043478264,12.088293783215919,747.9,23.797774687924857,36.5,31.426086956521736,8.276759671239649,1302.6,24.815923557038683,41.4,32.619565217391305,8.00732017055988,140.8,20.31475376681161,39.0,27.804347826086957,7.614175683419288,679.625,26.297081324928936,38.5,34.59347826086957,9.514226918798665,122.0,20.602991286614756,38.6,28.654347826086955,5.419320232356939,150.70000000000002,26.885335558027435,41.0,28.255434782608695,11.011866580150786,329.4,26.00358917315536,37.5,32.89782608695652,12.28943579285626,1266.41,27.101462890866397,39.5,34.395108695652176,12.837010258311706,1094.3757859544,22.57446761834137,36.1,30.65108695652174,9.989786491163022,376.84,29.431400939315292,43.0,36.66195652173913,15.303290075392411,1056.49,24.361558521814363,36.0,31.097826086956523,11.249669076751948,1170.7,29.13730781114819,43.2,36.65380434782609,16.04642936596218,939.4,18.68933908045977,29.1,24.02391304347826,6.119731182795699,1485.12,28.330027499691013,42.0,35.846739130434784,14.155806451612904,1047.977460141,22.32501884810283,35.3,29.169565217391302,8.465247497219131,802.01,27.63362192559634,39.7,35.04673913043479,12.358766221727846,1005.61,31.405002471882337,43.0,38.875,16.09653256704981,74.0,33.798209121245826,49.5,42.52717391304348,13.323387633517338,107.22,23.1516252626375,37.0,30.581521739130434,5.954910548757879,94.8,30.111613852252063,41.5,37.63260869565217,16.481033555802743,92.3,33.570454826350264,46.5,41.766304347826086,18.313368248671363,32.199999999999996,36.25773513780744,50.0,43.99673913043478,20.96061742986034,56.8,29.704611296502282,42.0,37.25108695652174,15.193573414905451,174.0,,,,,0.0,35.934816771721664,47.6,39.91847826086956,17.918857681374366,171.9,34.877876344086026,45.5,39.926086956521736,21.38336299592139,129.63,35.0460675441849,51.0,42.86086956521739,21.043730070448646,0.0,30.80915523421085,41.5,33.858695652173914,21.01967741935484,96.0,32.992379804721295,43.5,35.35978260869565,21.87549283154122,66.04,,,,,0.0,37.09719611296502,49.5,43.83586956521739,18.709331973798047,37.02,,,,,0.0,35.71697503398838,50.0,43.37554347826087,18.39556451612903,40.1,32.44937615869485,44.0,35.625,20.560316458344346,61.5,35.48653256704981,48.5,43.43913043478261,20.595877827215425,25.0,33.76561179087876,47.8,41.244565217391305,19.3433787541713,304.02,34.180539488320356,47.0,41.70869565217391,17.16894790507972,376.61,32.40183629959214,49.0,39.84130434782609,18.07847392164133,856.6,31.81434865900383,46.5,38.85326086956522,17.822542330985048,26.145,31.433739340007417,45.2,38.37826086956522,19.796214649273605,838.63,35.04013348164628,47.8,41.292391304347824,17.910588307996537,495.26,30.557451798294398,44.0,38.3945652173913,20.280661846496105,0.0,30.842325114324556,45.0,37.516304347826086,,473.54,,,,17.775168705969595,189.82,32.016322148065754,46.5,40.05434782608695,19.085836114200962,453.13,33.069552280311456,47.8,40.660869565217396,17.31545977011494,0.0,30.16782845136571,44.5,38.03260869565217,,368.06,,,,18.549375849709552,911.93,32.35466722284019,48.0,39.70652173913044,17.081955567914967,5611.6868159,30.073346928686195,44.4,37.21847826086957,18.39199718585703,32.04092219037297,46.15384615384615,39.43954849498328,,29.35687553911297,15.05908088628292,495.79722337028517
2005-12-31,16.18016833077317,32.3,23.54891304347826,4.376524577572964,514.2,23.12560035842294,41.1,31.09130434782609,11.279032898105479,156.29999999999998,25.824064900153612,44.6,34.62717391304348,14.272893625192012,206.5,,,,,0.0,23.720292498719918,42.8,32.55217391304348,11.10580773169483,580.3,22.73107654889913,40.6,29.582608695652173,8.00911354326677,1624.0,24.005423067076293,43.6,32.779347826086955,7.144192268305172,149.79999999999998,18.24287634408602,38.0,27.358695652173914,6.088956093189964,576.8,24.54181387608807,41.5,33.65217391304348,8.77152585765489,310.76,17.32443722943723,36.0,26.678260869565218,2.7060871386677836,240.20000000000002,27.26395289298515,42.5,27.559782608695652,11.220279697900665,223.1,22.546301843317973,41.5,31.942391304347826,11.364854070660522,1456.5,25.316481636642926,45.3,33.16413043478261,12.32722245496439,1562.8,20.529217869943675,39.4,28.63695652173913,9.765954941116233,692.57,28.347063492063494,46.6,35.9554347826087,14.55695788530466,966.0,22.842071812596007,40.0,29.721739130434784,10.172732974910394,1164.6,28.269265232974913,45.1,35.63695652173913,15.414676139272913,1021.2,17.379800947260623,33.2,23.394565217391307,6.05259024577573,1616.2,26.84375384024578,45.5,34.24891304347826,13.052238223246286,1389.1,20.770436507936505,39.0,27.432608695652174,8.843373655913977,886.5,26.82454754922497,45.0,33.82173913043478,11.501369047619049,1051.6,30.24561891961086,44.5,38.18478260869565,14.59669930875576,160.5,31.889381720430105,48.0,41.06748726655348,13.554334112407117,126.02,21.181278801843316,36.5,29.472826086956523,5.870852534562212,245.4,29.127628861580476,42.0,35.81956521739131,15.485232974910394,371.6,32.312346390168976,48.5,41.16847826086956,17.93048131080389,187.6,34.081991167434715,48.9,42.66413043478261,20.268106118791604,269.6,27.613102278545828,42.2,35.24130434782609,12.901747311827956,504.0,,,,,0.0,35.11281041986687,46.5,40.35978260869565,17.845255376344088,64.71,33.86853622631848,45.0,39.77717391304348,20.680048643113157,52.4,33.44988927291347,49.5,42.21630434782609,20.519183307731694,0.0,30.315289618535587,40.0,33.380434782608695,21.48240632127729,94.4,32.14485599078341,42.2,34.86195652173913,21.719975038402456,96.14,,,,,0.0,35.71870071684588,50.5,43.24782608695652,17.95143305171531,59.46,,,,,0.0,34.137137736815156,50.0,42.11467391304348,17.750418586789554,96.6,30.99873719918075,41.0,34.255434782608695,20.69101062467998,78.8,33.595264976958525,49.0,41.67391304347826,20.243351254480288,108.1,32.4919930875576,49.0,40.642391304347825,18.353824244751664,497.0,32.67795954941116,46.8,40.95326086956521,16.53693100358423,517.8,30.71227086533538,47.5,38.24239130434783,17.040396185355863,662.2,30.63034882232463,48.0,38.11630434782609,17.080060163850487,83.2,30.254786226318483,47.0,37.43695652173913,17.889447004608297,703.21,32.446111751152074,47.0,40.65652173913043,15.51458973374296,652.2,28.95195852534562,48.5,36.78695652173913,19.398014592933947,0.0,29.87370903737839,45.2,37.16413043478261,,696.0,,,,16.739430363543267,300.5,30.636155913978495,50.0,38.48913043478261,18.739894567797794,625.0,31.993642647674903,46.0,39.73695652173913,16.31051523297491,0.0,28.669266513056836,47.0,36.494565217391305,,643.0,,,,17.63588581669227,625.24,30.77195596518177,50.0,38.51195652173913,16.401904121863797,6397.15,29.130508832565283,46.8,36.95652173913044,17.331297026599447,30.661547003623614,46.599999999999994,38.412040133779264,,27.966468636351703,14.336512428678088,579.7566666666667
2006-12-31,15.16522657450077,32.3,23.044565217391302,3.9161629544290837,471.2,24.76267601126472,41.1,33.790217391304346,12.720846774193548,213.0,27.433668074756785,47.2,37.6570652173913,14.403871607782898,597.25,,,,,0.0,25.429500768049156,47.2,36.6054347826087,12.238413338453661,521.1,23.932542242703533,39.0,33.03804347826087,9.207471838197645,1477.9,24.47924475166411,42.5,34.38695652173913,8.260807091653865,133.6,19.46237519201229,39.5,29.695652173913043,7.389397721454173,82.2,26.220133768561187,41.0,35.93478260869565,10.627787378392217,265.78,19.159274193548388,39.5,29.37826086956522,4.803609190988223,350.7,27.440760616421386,43.5,31.73709677419355,10.485480328031317,301.3,25.81853558627752,40.5,34.017391304347825,12.213785842293907,2316.0,27.00025601638505,43.8,36.68152173913043,13.73676971326165,1651.0,21.856254480286736,37.8,31.691304347826087,11.376373527905786,593.88,29.265340501792114,44.4,37.089130434782604,15.977686891961085,1598.0,23.58525601638505,37.5,31.546739130434784,11.1515188172043,1346.7,28.746161034306198,43.3,36.470652173913045,15.498772401433692,1752.1,18.67042690732207,31.9,25.2,8.308730158730159,1692.3,27.894459165386582,43.0,36.745652173913044,13.958623911930365,2153.2,21.809000896057345,37.5,30.432608695652174,9.278572068612391,1138.0,27.079848339384633,41.5,36.45434782608696,11.703202444956478,799.2,31.51823732718894,44.0,40.108695652173914,15.909101382488478,112.0,33.78705069124424,48.4,43.24782608695652,13.67273329094976,79.2,22.743019073220683,37.0,31.64673913043478,7.026433691756272,147.7,29.52274472838989,41.5,37.42934782608695,16.01513755062142,258.4,33.450889656938045,48.0,42.66847826086956,18.626180875576036,7.2,35.58404633896569,50.1,44.86304347826086,20.979263312852023,166.4,28.895069124423962,41.5,36.64673913043478,13.39434434203789,694.5,,,,,0.0,35.10979646697388,48.5,40.35217391304348,19.384184587813618,547.81,34.055069764464925,46.5,39.856521739130436,20.980513952892988,513.71,33.83946972606247,51.0,43.75,20.894713901689705,0.0,30.16806067588326,40.3,33.613586956521736,21.945135223199742,94.0,32.21083461341526,41.6,34.56195652173913,22.52709037378392,301.25,,,,,0.0,36.4105632360471,49.6,44.33695652173913,18.905312980030722,293.62,,,,,0.0,34.756124551971325,49.0,43.2195652173913,19.806168714797746,174.1,30.78848694316436,38.5,33.766304347826086,21.072281105990786,116.80000000000001,34.58523745519713,49.0,43.29673913043479,21.62403289810548,51.2,33.07400793650793,47.6,41.03913043478261,19.7674468766001,220.5,33.53685419866871,47.2,42.207608695652176,16.993394777265745,353.7,31.90019265232975,46.8,39.964130434782604,18.516617383512543,1237.3999999999999,31.4774571172555,46.5,39.50978260869565,18.352996031746034,146.4,30.98850870455709,45.5,38.43369565217392,19.390947900665644,557.5,33.47226126472094,48.0,41.775,17.11663146441372,750.8000000000001,30.663178443420378,46.5,40.00869565217391,20.260215693804405,0.0,30.573553507424474,44.0,37.44239130434782,,423.5,,,,18.707159498207886,144.7,31.790392985151048,47.0,40.54130434782609,19.645042242703532,497.5,32.882183179723505,47.4,41.375,17.711983486943165,0.0,29.6766353046595,44.0,38.130434782608695,,481.0,,,,18.816306963645673,864.77,31.737519201228878,47.5,39.85108695652174,17.82180683563748,5970.57,29.940108806963647,44.5,37.55326086956522,18.67214842057584,31.66499478120446,45.7,39.833193979933114,,28.92026979188865,15.342718566574996,641.8637037037038
2007-12-31,16.468545186891962,34.3,25.995652173913044,5.220961981566821,345.9,25.47828789042499,40.8,33.125,12.3529006656426,97.5,27.031905721966204,44.5,36.51413043478261,14.624893720094638,142.1,,,,,0.0,24.55109190988223,40.1,34.07826086956521,9.174014336917564,633.5,24.661349206349204,41.0,31.597826086956523,8.366075268817205,1050.0,25.01378456221198,41.0,33.62173913043478,7.6594073220686125,84.4,19.37540962621608,37.5,28.48913043478261,5.628517025089606,163.8,25.117345110087044,40.5,34.13586956521739,8.652700972862263,298.0,20.119142345110088,38.6,29.154347826086955,4.11835189452125,106.0,26.689157706093187,42.5,28.315217391304348,9.271594982078854,299.6,26.295405785970303,41.6,32.78369565217391,11.749594214029699,1127.4,27.06141833077317,45.7,34.494565217391305,12.306050307219662,1239.8,21.644203789042503,42.0,29.604347826086954,14.048782002048133,865.5,29.036817716333843,46.1,36.48478260869565,15.122042370711725,1796.22,24.147806579621093,40.0,30.78804347826087,10.520913338453662,1194.1,28.899262032770096,44.4,35.67934782608695,14.823248847926267,1003.7,18.827288146441372,33.4,24.394565217391307,9.558335893497183,1520.73,28.706169994879673,45.2,35.59021739130435,13.586868919610856,1179.9,21.502370071684584,38.5,29.89782608695652,8.4754486687148,970.7,27.33514912954429,41.4,34.56847826086957,11.905035842293907,1031.9,31.495695244495646,20.494990892531877,39.90217391304348,15.829928315412186,0.3825136612021858,33.780826132872505,17.996357012750455,43.017391304347825,13.791132469492402,0.09562841530054644,22.88514688940092,14.019125683060109,31.41983695652174,6.6022425435227845,0.0,29.54551636759298,17.993624772313296,37.107336956521735,15.908059352162175,0.0,33.48746623783922,21.50127504553734,42.58532608695652,18.44621543778802,0.09562841530054644,35.56568660394265,23.61785063752277,44.44076086956521,20.61218782002048,0.0,28.880893177163337,17.01912568306011,36.400815217391305,13.886941372247824,0.0,,,,,0.0,35.255391065028164,46.5,39.34782608695652,19.16798899129544,198.8,34.30741359447004,45.5,39.10108695652174,21.37253648233487,516.73,34.22905017921147,50.5,42.00380434782608,21.27024449564772,142.07999999999998,31.09643113159242,40.0,34.61086956521739,22.40786412512219,92.0,32.90901689708141,42.0,35.63260869565217,22.238444060419866,465.71999999999997,,,,,0.0,36.25990143369176,50.0,42.53369565217391,17.363451100870453,243.42,,,,,0.0,34.441991167434715,51.6,41.44130434782608,19.478773681515616,230.5,31.47978046594982,42.5,34.653260869565216,21.231558499743983,156.9,34.510477470558115,49.0,42.017391304347825,21.187773937532,137.5,33.19652777777778,48.0,40.608695652173914,19.04638440860215,416.4,33.11981054787506,46.8,40.60434782608696,16.81591973886329,345.6,31.442835381464416,48.0,39.191847826086956,17.349701100870455,832.7,31.50627112135177,48.0,38.425,17.07852278545827,170.5,30.53075972862263,47.2,37.52717391304348,18.65698028673835,610.0,33.48415386584742,46.7,40.99891304347826,16.701494495647722,660.66,30.511658346134155,48.5,38.32065217391305,19.747039170506913,0.0,30.494893753200202,47.0,37.76521739130435,,753.0,,,,17.48825332821301,266.26,31.326632104454685,51.0,39.369565217391305,19.028639272913466,685.0,32.55468189964157,48.0,40.25760869565217,16.91255632360471,0.0,29.61499295954941,47.0,37.05978260869565,,718.0,,,,17.745130568356377,888.7,31.256931643625194,50.0,38.880434782608695,17.000262416794673,6886.77,29.62302675371224,46.7,36.68804347826087,17.957557406750954,31.417898696285793,47.184615384615384,38.87031772575251,,28.963473389603227,14.887541276788035,566.0845142683667
2008-12-31,17.368102521319987,32.5,25.143478260869564,5.181776356445433,262.7,24.253589791125943,42.2,34.27282608695652,12.107953281423805,76.2,26.630143369175627,45.3,37.56521739130435,14.845915832406378,218.8,,,,,0.0,24.989506550488198,41.8,35.4554347826087,8.223528303052776,512.3,24.41833247994538,14.509562841530055,31.05253623188406,8.751725682857495,1302.5,24.94968977876653,44.0,35.53369565217391,7.982961006056112,174.2,20.036826412062783,37.5,30.842391304347824,5.443512853788159,90.7,25.30913360524039,40.5,35.57065217391305,8.159915029044617,0.0,19.350999258435298,39.8,30.415217391304346,4.2858441478185645,291.63,27.255509825732293,40.5,28.42391304347826,10.288379063156594,371.2,25.668135891731552,36.1,32.221739130434784,12.118228896304537,1786.85,26.67946916326783,41.0,34.2054347826087,12.027469719441356,1155.3,21.976320294153997,36.5,29.346739130434784,13.12010629094055,585.0,28.486538283277714,39.1,34.68532608695652,15.394268940798417,1476.32,23.82959306637004,34.0,30.21195652173913,10.540348844395007,1300.2,28.37988691138302,39.4,34.25217391304348,15.008596588802371,1316.9,18.41065566679026,28.0,23.188043478260873,9.305688419231245,0.0,28.069717587442838,41.0,34.993478260869566,13.64518137436658,1712.0,21.611079285626005,36.8,31.22826086956522,8.72950438759115,968.8,26.641722593004573,37.5,34.245652173913044,12.0171468298109,947.5,31.473153161802355,28.496660595021254,39.69565217391305,15.750755248335892,0.0,33.774601574500764,27.93090467516697,42.78695652173913,13.909531648035044,0.0,23.027274705581156,21.512750455373407,31.192934782608695,6.178051395289298,0.0,29.56828800679607,26.16241651487553,36.785326086956516,15.800981153702928,0.0,33.5240428187404,30.43418336369156,42.50217391304348,18.26625,0.0,35.54732686891961,32.61190042501518,44.01847826086956,20.24511232718894,0.0,28.86671722990271,25.67941712204007,36.15489130434783,14.379538402457758,0.0,,,,,0.0,34.85978849956742,44.0,38.921195652173914,19.094499443826475,126.1,33.68569923371648,45.0,38.67391304347826,21.17002657273514,249.02,33.98428655296008,49.0,42.369565217391305,20.876613830181682,188.23,30.322234118155976,40.5,33.578804347826086,21.044006303299962,53.0,32.065147385984424,42.9,34.19565217391305,21.55960542578173,121.75999999999999,,,,,0.0,35.88649378939562,48.5,43.01304347826087,16.065506117908786,109.16,,,,,0.0,34.41735632183908,49.0,42.180978260869566,18.93940365838586,180.8,30.674264615004322,42.5,33.557065217391305,20.673212211098754,170.5,34.18002070201458,47.5,42.118478260869566,20.556457174638485,76.7,32.28251019651464,45.5,40.12173913043478,18.298645408478556,486.22,32.158036089482145,44.3,39.893478260869564,17.171241811889754,656.9,31.06947827833395,43.7,38.707608695652176,17.435231429983933,826.49,31.10502564577926,43.7,38.28260869565217,17.24516252626375,249.6,30.277327586206894,41.8,36.32065217391305,17.798319737980474,763.0,32.477091057965644,46.2,40.79130434782609,16.758717402051662,613.84,30.054729019898655,43.0,38.09239130434783,19.76223272772216,0.0,30.198840378198,42.9,36.38586956521739,,837.0,,,,16.809793906810036,232.98,30.81684433320974,43.5,38.91576086956522,18.425124212087503,779.0,32.102842355703864,45.0,40.00978260869565,16.5225810777407,0.0,29.75319243604004,42.0,37.667391304347824,,591.0,,,,18.1784028550241,910.2,31.33572611543691,43.2,38.198913043478264,16.992891175380052,7390.2300000000005,29.244311271783463,43.0,35.881521739130434,17.68000530979341,30.963597943584038,43.146153846153844,38.357859531772576,,28.68022401256717,14.709509231465406,558.5338888888889
2009-12-31,16.402987985337646,32.75,24.28233695652174,4.530264138284161,0.0,23.90654751973092,42.5,32.23695652173913,11.267643435386763,0.0,26.323585189452125,45.15,35.29755434782609,13.58246732480534,0.0,,,,,0.0,24.620904068894895,41.95,33.91467391304348,9.70116411312393,0.0,24.175315753541557,25.504781420765028,30.507246376811594,8.298611497342726,0.0,24.537864282624433,43.0,32.857608695652175,7.779641025301482,0.0,19.891795502498365,37.25,28.815217391304348,5.642450551318043,0.0,25.666799265497822,40.25,35.03369565217392,9.020641345099454,0.0,19.049664055740948,38.2,28.010326086956518,4.213132967406466,0.0,26.92716255495524,41.0,28.122282608695652,11.35313570413334,0.0,26.112579850627682,37.8,32.25489130434782,12.12460087928386,0.0,26.772105613379946,41.25,33.64184782608696,12.201724491057085,0.0,22.41659108665713,37.4,30.308695652173917,13.925234277062696,0.0,29.19743932853082,41.650000000000006,35.73070652173913,15.072209355191836,0.0,24.305860921305857,36.1,30.407608695652172,10.388847297261508,0.0,28.985300918569134,41.45,34.91684782608696,15.33854720633155,0.0,18.66831330446528,30.0,23.554347826086957,9.602131524003743,0.0,28.49356207073115,42.3,35.017391304347825,13.674531291381957,0.0,19.46559084609001,35.599999999999994,28.499456521739134,6.633688125695217,0.0,26.406680868954922,39.0,33.96005434782609,12.208010178858343,0.0,31.450611079109063,36.49833029751063,39.48913043478261,15.671582181259598,0.0,33.76837701612903,37.865452337583484,42.55652173913044,14.027930826577686,0.0,23.16940252176139,29.006375227686704,30.966032608695652,5.753860247055812,0.0,29.59105964599916,34.331208257437765,36.463315217391305,15.693902955243683,0.0,33.56061939964158,39.36709168184578,42.419021739130436,18.08628456221198,0.0,35.528967133896565,41.605950212507594,43.59619565217391,19.8780368343574,0.0,28.85254128264209,34.33970856102003,35.908967391304344,14.87213543266769,0.0,,,,,0.0,35.423781538570196,46.25,39.923641304347825,19.209331135123684,0.0,34.18731134240868,46.25,39.182065217391305,21.319522374949237,0.0,34.374670556367505,50.75,42.958802216538786,20.671834534317384,0.0,30.697030077511165,40.25,33.64184782608696,21.777853446068825,0.0,32.56336734378586,42.55,34.74782608695652,21.763377021646626,0.0,,,,,0.0,36.23651942413969,50.35,43.078804347826086,17.160859817786957,0.0,,,,,0.0,34.89151226230203,50.75,42.30407608695653,19.23220854962304,0.0,31.145585648515986,41.5,33.827445652173914,20.73205381420273,0.0,34.51778172837544,49.0,42.401630434782604,21.23900943729364,0.0,33.06744845463213,47.5,40.71847826086957,18.625728234193197,0.0,32.77454607853524,45.5,40.24891304347826,17.401589607941805,0.0,31.327735170913005,45.35,38.91711956521739,17.356473241873687,0.0,31.32958815571093,45.6,38.72608695652174,17.26265774802691,0.0,30.87839145567385,44.9,37.282065217391306,18.39041818952275,0.0,33.01403612038067,47.7,40.92798913043478,17.100313642142062,0.0,30.490237333810054,45.25,38.350543478260875,19.922360283471935,0.0,30.51841180456239,44.45,37.14782608695652,,0.0,,,,17.412041730670765,0.0,31.27614490085986,46.25,39.25951086956522,18.91150219820965,0.0,32.50241740161025,47.5,40.3508152173913,16.827363887564665,0.0,29.889051415152636,43.75,37.41929347826087,,0.0,,,,18.470580395766017,0.0,31.722753930734328,46.1,38.879347826086956,17.37592107412116,0.0,29.792566222169253,44.4,36.94239130434782,18.00937886112775,31.411785998654047,45.21923076923076,38.821362876254184,,28.845618068642796,14.830914061088729,0.0
2010-12-31,15.437873449355303,33.0,23.421195652173914,3.878751920122888,541.9,23.559505248335896,42.8,30.20108695652174,10.427333589349718,301.6,26.017027009728622,45.0,33.02989130434783,12.319018817204302,249.9,,,,,0.0,24.252301587301588,42.1,32.37391304347826,11.178799923195085,626.4,23.932299027137734,36.5,29.96195652173913,7.845497311827956,1565.5,24.126038786482336,42.0,30.18152173913043,7.576321044546852,271.4,19.746764592933946,37.0,26.78804347826087,5.8413882488479265,250.5,26.02446492575525,40.0,34.49673913043478,9.881367661154291,133.0,18.748328853046594,36.6,25.605434782608693,4.140421786994367,495.4,26.598815284178187,41.5,27.820652173913043,12.417892345110088,346.8,26.55702380952381,39.5,32.28804347826087,12.130972862263185,1380.5,26.864742063492063,41.5,33.07826086956521,12.375979262672812,1552.9,22.856861879160267,38.3,31.270652173913046,14.730362263184844,938.3,29.908340373783926,44.2,36.77608695652174,14.750149769585255,1017.9,24.782128776241677,38.2,30.60326086956522,10.237345750128009,1174.4,29.590714925755247,43.5,35.58152173913044,15.668497823860728,1087.4,18.925970942140296,32.0,23.92065217391304,9.898574628776242,1681.6,28.91740655401946,43.6,35.04130434782609,13.703881208397336,1516.0,17.320102406554017,34.4,25.770652173913046,4.537871863799283,1517.9,26.171639144905274,40.5,33.67445652173913,12.398873527905787,1465.2,31.42806899641577,44.5,39.28260869565217,15.592409114183306,53.5,33.762152457757296,47.8,42.32608695652174,14.146330005120328,20.0,23.31153033794163,36.5,30.73913043478261,5.3296690988223245,47.0,29.613831285202252,42.5,36.141304347826086,15.586824756784436,159.2,33.59719598054276,48.3,42.33586956521739,17.906319124423963,12.0,35.510607398873525,50.6,43.17391304347826,19.510961341525856,247.8,28.838365335381464,43.0,35.66304347826087,15.364732462877624,487.0,,,,,0.0,35.987774577572964,48.5,40.926086956521736,19.324162826420892,355.8,34.68892345110087,47.5,39.69021739130435,21.46901817716334,214.1,34.765054559774924,52.5,43.54803921568627,20.46705523845309,734.825,31.07182603686636,40.0,33.704891304347825,22.511700588837684,203.0,33.0615873015873,42.2,35.3,21.967148617511523,372.9,,,,,0.0,36.586545058883765,52.2,43.1445652173913,18.25621351766513,342.63,,,,,0.0,35.36566820276497,52.5,42.42717391304348,19.525013440860217,268.0,31.61690668202765,40.5,34.09782608695652,20.790895417306707,247.0,34.8555427547363,50.5,42.68478260869565,21.921561699948796,89.0,33.85238671274961,49.5,41.31521739130435,18.952811059907834,756.3,33.39105606758833,46.7,40.60434782608696,17.631937403993856,544.7,31.58599206349206,47.0,39.12663043478261,17.27771505376344,791.3,31.5541506656426,47.5,39.1695652173913,17.280152969790066,325.2,31.47945532514081,48.0,38.243478260869566,18.98251664106503,819.0,33.5509811827957,49.2,41.06467391304348,17.441909882232462,540.7,30.925745647721453,47.5,38.608695652173914,20.08248783922171,0.0,30.837983230926778,46.0,37.90978260869565,,948.0,,,,18.01428955453149,287.0,31.735445468509983,49.0,39.60326086956522,19.397880184331797,839.0,32.90199244751664,50.0,40.691847826086956,17.13214669738863,0.0,30.024910394265234,45.5,37.171195652173914,,602.1,,,,18.762757936507935,1026.8,32.10978174603175,49.0,39.55978260869565,17.758950972862262,7895.3,30.340821172555042,45.8,38.00326086956522,18.33875241246209,31.859974053724056,47.29230769230769,39.284866220735786,,29.011012124718427,14.952318890712057,691.5491666666667
2011-12-31,16.456217357910905,32.0,22.507608695652173,4.571255120327701,641.1,24.347403353814645,42.8,34.01521739130435,11.606134152585765,213.6,26.492584485407065,44.8,36.76086956521739,13.88577124935996,147.8,,,,,0.0,24.74935035842294,42.4,35.99782608695652,10.830325780849973,410.1,23.52951996927803,37.5,32.493478260869566,8.247468637992831,1268.1,24.770536354326676,43.0,34.64673913043478,8.176745391705069,164.7,19.583083717357912,37.0,29.25,5.901568100358422,110.0,25.321431771633385,39.5,35.65760869565217,9.862649769585254,478.0,19.275912058371734,38.4,29.095652173913045,4.576673707117256,241.7,26.511936763952892,42.0,27.722826086956523,12.674017537122376,112.8,26.132233102918587,38.8,33.68804347826087,12.27522209421403,1326.1,26.62379608294931,39.7,34.94782608695652,12.59551971326165,1389.5,22.282912826420894,40.0,32.45108695652174,13.08892601126472,544.6,28.94909370199693,42.0,36.55869565217392,14.406329365079365,1079.6,23.72961213517665,36.0,31.60326086956522,9.920017921146954,1237.3,28.363594470046085,40.6,35.198913043478264,15.084479006656425,1291.5,18.150963901689707,30.0,24.39673913043478,9.378218766001025,1442.2,28.146500896057347,42.0,36.43369565217392,13.938876088069636,1377.3999999999999,19.777967229902714,37.4,30.323913043478264,5.934338197644649,1895.7,25.651097670250895,39.5,34.608695652173914,12.966152713773681,887.7,31.40144329237071,45.0,39.68478260869565,16.08243855606759,139.0,33.261347926267284,48.0,43.047826086956526,14.793750000000001,68.3,22.665284178187406,36.0,31.657608695652176,6.022382232462878,449.0,28.8256112391193,42.0,37.84239130434783,15.549827188940093,375.0,33.1028904249872,47.8,42.58586956521739,18.38223950332821,68.5,34.61811187916027,50.5,43.80217391304348,19.07117895545315,302.6,28.142829621095746,42.0,37.08152173913044,14.621156554019457,401.0,,,,,0.0,34.85617831541219,48.5,39.74782608695652,18.709751664106502,663.0,33.63904313876088,48.5,39.589130434782604,20.82773873527906,427.4,33.66015488991295,51.5,43.20652173913044,20.75964861751152,296.8,30.71547171018945,42.5,34.25869565217391,22.281800435227854,5.0,32.599463645673325,44.0,34.93804347826087,21.738979134664618,292.6,,,,,0.0,35.3257905217045,51.0,43.71739130434783,19.086207078465144,1532.5442857142857,,,,,0.0,34.27346176821983,49.0,42.81521739130435,19.703235407066053,441.3,31.337752816180238,42.5,34.21195652173913,21.297593445980542,33.0,33.9973150281618,49.0,43.28804347826087,21.631691628264207,168.5,32.46937660010241,47.5,41.39673913043478,19.069978238607273,283.3,32.682659370199694,47.3,41.27717391304348,17.53252432155658,544.9,31.238442780337945,45.5,39.98804347826087,17.618961213517665,748.3,30.720295058883767,45.5,38.76195652173913,16.957203020993344,309.4,30.791344726062466,44.5,38.16847826086956,18.671346006144393,790.0,32.837373911930364,46.6,41.220652173913045,16.961930363543267,856.9,29.65351062467998,45.5,38.744565217391305,19.494903993855605,0.0,29.904554531490017,44.2,37.06739130434782,,544.8,,,,17.700965380405037,186.0,31.33421636915797,13.76775956284153,40.059782608695656,19.32030977982591,439.59032258064514,32.19447836661546,46.7,41.1054347826087,16.214265465717077,0.0,29.74983452031839,45.0,38.66847826086956,,733.0,,,,18.208006912442396,854.7,31.139804147465437,46.5,39.13586956521739,17.375682923707117,6922.6,29.248402457757294,43.8,36.82826086956522,18.082448641561545,31.071989930991947,44.958333333333336,39.363586956521736,,28.526083639985636,14.973241524955732,650.6765668202765
2012-12-31,16.219882894574216,33.0,25.09021739130435,4.05159868990236,405.5,22.853076875540722,41.1,31.203260869565216,10.676936410826846,173.0,25.37454177481152,43.1,34.25760869565217,13.70639723149178,148.4,,,,,0.0,23.29736033864788,43.0,33.63913043478261,8.60494623655914,420.0,22.35204764553207,38.5,31.095652173913045,6.8978120751452225,1044.1,23.586205351625264,43.0,32.18804347826087,7.889476269929552,153.6,17.848646644419727,37.0,26.407608695652176,5.324807463539735,245.0,24.200902237053516,40.0,33.994565217391305,8.357973365467805,243.6,18.06412804350513,38.4,26.86195652173913,4.065578111481893,209.0,26.809427141268074,42.0,26.668478260869566,12.859388518106536,271.1,25.145769991348413,41.0,33.74130434782609,11.839289024842417,1382.3999999999999,26.759386664194782,45.0,35.88913043478261,11.863697935978246,1047.8,21.908544370287974,42.0,32.81739130434782,12.00664411074033,534.1,28.665275305895438,44.5,37.84347826086957,13.992517921146954,1076.4,23.160608083055248,38.0,31.541304347826088,9.608370102583118,1244.8,28.26990047363031,44.3,37.131521739130434,14.872355932597866,1158.2,17.55984025460388,32.2,25.20108695652174,8.829248547769126,1515.0,27.401783154121862,44.2,36.52717391304348,13.068270609318995,1561.5,18.428442460317463,38.8,32.432065217391305,4.682453626122982,1735.2,25.076445433197378,42.0,34.45326086956521,12.084950253367941,770.8666666666667,30.724451551106167,43.0,39.45108695652174,14.14388518106538,64.0,32.27660795946113,47.0,41.89565217391304,13.091383945124212,24.1,22.018074094673093,36.0,31.76086956521739,5.241799530342356,174.0,29.064440427635645,41.5,37.57608695652174,14.628559510567298,269.9,33.74039754415941,43.8,38.62449808608702,16.68352691261896,12.3,34.30427542948956,49.0,43.94782608695652,14.140406006674082,332.2,27.607976455320728,41.0,36.24782608695652,13.928842232109751,402.1,,,,,0.0,34.83540384377704,45.0,39.84891304347826,18.4302768508219,221.6,34.008025892967495,46.5,39.70869565217391,20.03837442837721,123.5,33.50538283277716,48.5,43.33804347826087,20.155376344086022,584.8,30.43855597128122,41.5,33.857608695652175,22.31392793339401,20.0,32.05121153133111,42.2,34.43695652173913,21.56216258806081,152.2,,,,,0.0,35.174702138178226,47.5,43.075,18.915603757261156,182.22,,,,,0.0,33.99313125695217,47.5,42.05434782608695,19.047597639352368,104.8,31.114180879990112,43.0,34.15760869565217,20.351971326164875,135.4,33.779951489309106,46.0,42.755434782608695,20.613783833889507,215.0,32.44867908787541,47.2,42.08804347826087,18.38263286367569,450.1,32.2963162773452,44.9,40.827173913043474,16.437599802249412,366.5,31.04904817080707,46.0,40.15978260869565,17.26664318378445,514.8,30.89490854035348,46.5,40.09130434782609,16.53857032505253,398.2,31.146238104066246,46.8,40.50326086956522,17.851056420714375,311.98333333333335,32.91149842417501,45.5,41.1679347826087,16.721078822148066,582.9,29.294226609813375,46.5,39.017391304347825,18.430627549128662,0.0,30.332539550117414,46.0,39.83695652173913,,498.0,,,,17.38764120627858,239.0,30.93298726980596,47.0,40.516304347826086,18.744576072178965,544.6,32.17371863799283,48.0,41.29130434782609,15.27429458657768,0.0,29.322935051291562,44.6,38.91847826086956,,370.0,,,,17.67226486219256,757.5,31.05991533802991,47.5,40.483695652173914,16.804407057224076,5472.900000000001,29.366607032505254,45.7,38.96304347826087,17.43333827709801,31.013359381189606,45.72307692307693,40.26817865105909,,28.117239238228166,14.153365744594524,534.5216666666666
2013-12-31,15.242421274961599,33.5,23.055434782608696,3.5084901433691758,339.7,24.641579621095747,45.0,33.80326086956522,12.057990911418331,152.6,26.882337429595495,45.6,36.25,14.965200332821302,127.4,,,,,0.0,24.090819892473117,41.5,33.90978260869565,8.232099334357398,620.0,23.257752816180233,39.0,31.75,6.673663594470046,1308.2,25.025250896057347,46.0,34.471739130434784,8.18541730670763,153.5,19.529121863799283,38.5,28.70108695652174,6.219281233998976,205.0,25.027226062468,40.0,35.26576086956521,9.35182668375268,269.90000000000003,19.43689964157706,39.5,28.221739130434784,4.184711981566821,170.4,26.820718766001022,41.5,27.902173913043477,13.068250768049154,220.5,25.7054211469534,40.3,33.0,12.196802355350743,1425.9,28.236799155145928,43.0,36.619565217391305,12.158944572452638,1241.0,21.940328981054787,42.0,31.32608695652174,13.107368791602662,789.0,28.348335893497183,44.0,36.15108695652174,14.521219918074756,1732.4,23.84847158218126,37.5,31.14782608695652,10.169812467997952,1549.9,28.17620647721454,43.9,35.517391304347825,14.66023285853931,1327.8,18.012999871991806,32.0,24.39673913043478,9.351795954941116,1675.7,28.03944124423963,43.4,36.279347826086955,13.746749231950844,1365.6,17.078917690732208,37.6,28.06847826086957,3.4305690546013135,2242.1,24.75414606898478,41.3,33.437374999999996,11.404347158218126,1333.6,30.9311763952893,43.5,39.39673913043478,15.659498207885305,124.6,33.17798899129544,47.2,42.74673913043478,14.107504480286737,83.4,22.80930619559652,36.0,31.097826086956523,4.726683307731695,258.0,28.940450588837688,41.5,37.15217391304348,15.733387736815155,481.2,34.377904663331606,48.0,42.5945652173913,17.620140692640692,52.1,34.507190860215054,50.0,43.38315217391305,18.144125064004097,276.0,28.265469790066565,41.5,36.52989130434783,13.309293394777267,432.2,,,,,0.0,35.26461085509472,44.5,39.90434782608696,19.109532770097285,264.2,33.9176472094214,45.5,39.618478260869566,20.74149897593446,108.9,33.672593445980546,51.0,42.90760869565217,20.873370455709168,371.3,30.364663978494622,39.5,33.58695652173913,21.788962493599588,69.0,32.58554019457245,41.5,35.482608695652175,22.015481950844855,168.89999999999998,,,,,0.0,35.57532130056324,50.0,42.94565217391305,19.498069636456734,105.53,,,,,0.0,33.89530209933436,47.5,41.30978260869565,19.78912570404506,184.3,31.065421786994367,39.5,34.32608695652174,20.531496415770608,102.0,33.91333205325141,48.0,42.55978260869565,21.50991743471582,178.4,32.6669143625192,48.3,41.55869565217392,19.260765488991296,327.4,32.767967229902716,46.0,41.05652173913043,16.921717869943677,378.1,31.484669098822323,47.0,39.83152173913044,18.192025089605735,924.4,31.145301459293396,47.5,39.529347826086955,17.034857910906297,165.7,30.735144009216594,47.5,39.00326086956522,18.743808883768562,506.0,33.13214861751152,46.5,41.14021739130435,17.026296082949308,902.8,29.557885304659496,46.0,38.40760869565217,17.933042754736302,0.0,30.109981438812085,46.5,38.089130434782604,,830.1,,,,17.955079045058884,225.7,30.91990143369176,46.5,39.731521739130436,19.68843061955965,639.9,32.01268881208397,47.1,40.65434782608696,15.88510496671787,0.0,29.59615399385561,43.8,37.891304347826086,,424.0,,,,18.270700844854073,1399.5,30.80030081925243,48.0,39.5,17.214910394265235,7128.4,28.9876420890937,47.0,37.4804347826087,17.9824639894902,31.067737500328224,46.36923076923077,39.517551560758086,,28.446871059071736,14.662491169722504,654.8561111111112
2014-12-31,16.811312724014336,34.5,24.792391304347827,3.061196876600102,388.1,23.41717549923195,40.6,32.653260869565216,11.841917242703532,152.79999999999998,26.009903993855605,44.2,35.56739130434782,13.947542882744495,82.5,,,,,0.0,23.796047747055812,41.1,33.16304347826087,7.161885560675883,480.1,22.978321812596008,40.5,31.220108695652176,7.947167818740399,1239.7,23.93182155657962,43.5,33.426086956521736,7.827952508960574,125.6,18.852481438812084,36.5,27.717391304347824,5.693465181771633,118.1,25.246372567844343,41.0,34.23097826086956,8.18635752688172,120.0,18.782706733230928,38.6,28.77173913043478,4.064900153609831,214.5,27.351600742447516,40.5,27.94347826086957,12.892108294930877,202.5,25.466060547875063,39.0,32.879347826086956,11.545678443420378,1186.4,27.303464541730673,43.0,34.68478260869565,11.726286482334869,1165.0,21.584400601638507,39.0,30.76086956521739,12.697414234511008,696.3,28.463741679467486,43.5,36.25815217391305,15.608952892985151,1512.6,23.301702508960574,36.5,30.38804347826087,10.009269073220686,1327.9,27.943047875064007,41.7,34.90108695652174,14.822359190988223,1448.3,17.739352278545827,29.8,23.906521739130437,8.611656426011264,1544.0,27.305259856630826,43.3,35.44782608695652,12.297233102918588,1229.3,20.235192652329747,37.2,30.338043478260868,5.833777521761394,1939.4,25.564437403993853,40.5,34.06358695652174,12.554094982078853,947.2,29.77879864311316,43.0,39.578804347826086,15.442006528417819,74.0,32.57349206349206,48.0,42.11413043478261,13.932162058371736,54.4,22.473147081413213,36.0,30.467391304347824,5.636998847926268,151.3,28.893317972350232,43.5,37.58152173913044,15.407744495647721,200.3,32.260000640040964,47.5,41.83423913043478,17.281721710189455,22.8,35.04831989247312,49.5,43.86684782608695,20.635008320532513,52.5,28.33233166922683,42.0,36.17391304347826,14.105094726062468,500.6,,,,,0.0,35.5966266641065,46.0,40.52771739130435,19.100967101894522,66.1,33.783344854070656,46.5,39.575,20.689934715821813,22.1,33.97389272913467,50.0,42.79891304347826,19.060154249871992,19.2,30.320110407066053,41.0,34.16358695652174,21.254201868919612,49.0,32.65796274961597,42.5,35.38695652173913,21.653514464925752,30.6,,,,,0.0,35.57532130056324,21.5,42.94565217391305,19.498069636456734,0.0,,,,,0.0,34.05480670762929,48.0,41.97554347826087,19.299857910906297,16.9,31.09897113415259,43.0,34.67391304347826,19.909417562724013,23.3,34.02771377368152,47.5,42.72826086956522,21.16268305171531,20.2,32.2925153609831,47.5,41.08152173913044,18.75732398873528,270.5,32.11486175115207,46.0,40.2375,15.819064900153608,483.40000000000003,31.183880568356376,46.0,39.61521739130435,17.5999897593446,942.7,30.40416922683052,45.6,38.90760869565217,16.376178315412186,128.5,30.116072068612393,46.3,38.00760869565217,18.129647337429596,352.1,32.828944572452635,46.2,40.67717391304348,16.126104710701487,784.3,28.987294724640154,44.5,37.175,17.894266513056834,0.0,29.7945993343574,46.0,38.268478260869564,,337.0,,,,17.290584256433377,260.6,30.6053470476656,46.5,39.858695652173914,19.0036917562724,449.3,31.459100102406552,46.7,39.630434782608695,16.581046466973884,0.0,28.789268113159242,43.5,36.84891304347826,,556.3,,,,17.42141161034306,1313.8,29.843740399385563,46.0,38.5179347826087,16.480506912442397,6231.1,28.62665450588838,45.4,37.42717391304348,17.484641412201896,30.57740350726036,45.06666666666666,38.95786421911422,,28.203128286543706,14.436024726280289,546.9111111111109
2015-12-31,17.01177483358935,7.0,24.922282608695653,3.7278624765318313,0.0,23.488785842293908,40.6,31.83695652173913,12.17601318484383,194.5,26.215813492063493,44.7,34.77282608695652,14.274927675371224,204.9,,,,,0.0,23.812917946748595,43.6,33.70108695652174,8.883095238095239,594.9,23.226876920122887,38.0,31.032608695652176,6.800442908346135,1605.9,23.715355222734257,42.0,31.992391304347827,8.194066820276499,148.4,19.115873015873017,37.0,27.592391304347824,6.102083333333333,153.0,28.690307414457134,42.5,36.28532608695652,9.9518801203277,157.5,18.539954557091654,37.0,26.770652173913046,4.717804019457245,295.1,27.451622149592975,39.5,27.340447154471544,12.012144777265746,429.5,25.499873911930365,38.0,31.527173913043477,11.940650281618025,1604.05,26.573220686123914,41.0,33.209782608695654,12.228769201228879,1792.4,21.29077700972862,37.5,29.130434782608695,12.010323220686123,1306.9,28.195117767537123,43.0,35.33152173913044,15.995750128008192,1622.7,23.362045301542576,35.0,29.265041866028707,10.089003456221198,1522.1,27.740178402693576,40.8,33.361277480689246,15.440219534050179,1477.9,17.381430100473185,28.0,22.733184143222505,8.888463261648745,2383.9,26.49865251955012,39.1,32.72143790849673,12.52023169482847,1737.7,19.45692844342038,39.5,30.796739130434784,7.029344064686807,2091.7,24.71897439767696,38.5,32.32170081515752,12.71834229390681,1065.1,30.83761200716846,43.0,39.516304347826086,15.360653481822837,59.0,33.055008320532515,46.0,42.41304347826087,14.000835253456222,40.4,22.14142742010972,35.0,31.566176470588236,4.602299027137737,27.8,29.756392729134664,40.0,36.432065217391305,16.92606886840758,160.7,32.85774793999362,46.5,42.41108891108891,18.148844726062467,37.800000000000004,34.674913049319905,49.0,43.92875816993464,16.84779505888377,82.4,28.472267025089607,40.0,35.33152173913044,14.513357654889914,339.8,,,,,0.0,35.04423515104967,44.8,39.62771739130435,19.404146825396825,286.6,33.81636072708653,46.1,39.24891304347826,20.933473502304146,123.1,33.20241487455197,48.5,41.50760869565217,19.742748975934457,162.1,31.03266161034306,43.5,35.09402173913043,21.8090821812596,111.0,32.80796862948335,43.3,36.111675579322636,22.399425243215564,54.35,,,,,0.0,35.57532130056324,21.5,42.94565217391305,19.498069636456734,0.0,,,,,0.0,34.2709965437788,48.5,41.369565217391305,19.728712237583206,156.0,31.55115231450048,43.0,35.434462915601024,20.686360727086534,34.0,34.11106480357113,48.0,41.76354166666667,22.556598978435368,146.0,31.566700588837687,46.5,39.77608695652174,18.70774193548387,501.90000000000003,31.74537058371736,45.0,38.76413043478261,15.895476830517154,511.1,31.05827380952381,45.0,39.12717391304348,18.047600486431133,1016.3,30.372611367127494,44.0,38.04565217391304,16.907233102918585,382.9,29.965098566308242,44.0,36.94021739130435,18.61321940604199,884.0,32.48402969790067,46.0,39.8929347826087,16.39197740655402,858.5,29.85004719805598,43.5,38.19106012658228,18.757376472094215,0.0,29.401604704868053,42.8,36.61873401534527,,589.9,,,,17.590068268372416,351.3,31.101858961355973,38.5,37.470588235294116,19.324527009728623,763.3,31.594460226195213,45.0,39.30452898550725,16.484359318996415,0.0,28.691920317682943,42.5,36.28532608695652,,579.7,,,,17.64180683563748,1125.9,29.727334549411164,43.5,37.45652173913044,16.688058115719407,8486.7,28.46417818093067,43.0,36.09494884910486,17.76051416415126,30.56063351697088,43.48333333333333,38.11428731594493,,28.23556293300814,14.727956110647177,708.5314814814815
2016-12-31,17.21223694316436,19.25,25.05217391304348,4.39452807646356,0.0,24.470953219626747,40.0,33.02608695652174,12.465389012483007,124.0,27.367599493264123,45.0,37.07173913043478,15.256464899270794,241.2,,,,,0.0,25.918438388332717,40.8,35.11413043478261,10.957127363737486,383.3,25.422975219379556,38.0,32.19021739130435,6.823767148683722,1312.5,24.573812569521692,39.5,32.948913043478264,8.193302125818812,174.2,20.02586546780373,37.0,28.96630434782609,6.236600852799406,196.2,27.23459476578915,40.0,36.301086956521736,9.956164256581387,142.7,18.51879554141937,37.0,26.88695652173913,4.687590737613532,137.0,27.966083611420093,40.5,29.23586956521739,13.27050117414411,157.03,27.305643925349155,41.0,34.2804347826087,12.365013468688083,1269.5,28.312480533926585,42.0,36.11521739130435,12.947527808676307,1054.3,23.33670436287233,38.5,31.702173913043477,13.635437523173897,603.1,29.993932455815102,43.0,37.42391304347826,16.589215486342848,858.5,25.152890557409467,38.0,31.820652173913043,11.07477845754542,1126.9,29.44321591892226,41.1,35.78913043478261,16.11705969595847,942.9,19.488147015202077,31.3,24.904347826086955,10.030006179705845,1302.5,27.468618217772832,41.0,34.86195652173913,12.84120627858114,1029.2,19.45099802249413,33.7,28.395652173913046,9.282219441354592,1707.0,27.36906068471141,40.6,35.198913043478264,12.941533185020392,847.9,32.168278024966014,46.0,40.40760869565217,15.611775429489557,57.0,34.14651773575578,49.0,43.255434782608695,12.934643430972686,46.2,23.8858144852305,36.0,31.880434782608695,6.614907767890248,90.0,30.59223674453096,41.5,37.904347826086955,16.62449635397355,196.3,33.949428377209244,48.0,43.06521739130435,18.871293721418862,14.3,36.563318811024594,52.0,44.72282608695652,18.177594549499442,236.7,29.93404863428501,41.5,37.36413043478261,16.07095074774441,449.5,,,,,0.0,35.45100358422939,47.0,39.61413043478261,19.29657613397602,0.0,34.67491657397108,48.5,39.43804347826087,20.765039859102707,166.39999999999998,32.56043613274008,46.3,39.87880434782608,17.600676368804844,607.0,31.076296811271785,38.5,34.10217391304348,22.661197626992955,15.0,32.97451643801755,41.5,35.073913043478264,22.4900361512792,169.1,,,,,0.0,35.57532130056324,21.5,42.94565217391305,19.498069636456734,0.0,,,,,0.0,35.51130577184526,50.5,42.80978260869565,20.072197503398836,51.1,31.889831294030405,39.5,34.51086956521739,21.869949635397358,20.4,35.363840996168584,49.0,43.54891304347826,21.89371356662773,108.6,33.75236991719194,50.0,42.130434782608695,19.267419663824,444.6,33.795563589173156,48.5,41.823913043478264,17.784369978989,432.0,32.45967618341367,47.0,40.2195652173913,18.90437028797429,654.9,31.679550426399704,46.0,39.28804347826087,17.188275553083674,141.6,31.443231368186872,46.0,38.733695652173914,19.250504572982326,653.6,34.20128275244098,48.5,41.67989130434783,17.477527499691014,184.2,31.342075763193673,46.5,39.65869565217391,18.993124459275737,0.0,31.177447472500308,45.5,38.422826086956526,,446.9,,,,17.889552280311456,788.2,31.598370875046346,46.5,39.45652173913044,20.348254233098505,311.5,32.754959522926704,48.1,40.99021739130435,16.797186070943024,0.0,30.635064886911383,43.8,38.618478260869566,,772.5,,,,18.080811086392288,478.2,31.087145439377085,46.5,38.60597826086956,17.83081015943641,5613.7,30.101105240390556,44.5,37.40108695652174,18.4849990750248,31.979176560138047,46.12307692307692,39.66827619843924,,29.407143572546538,15.294199113810093,495.5450000000001
2017-12-31,17.412699052739374,31.5,25.182065217391305,5.061193676395289,352.3,24.14429915514593,41.7,33.266304347826086,12.94197324628776,149.74,27.01627432155658,45.5,37.19782608695652,14.502998591909881,294.47,,,,,0.0,24.771847158218126,41.0,35.42065217391304,10.313404377880184,365.22,24.524580773169486,39.0,31.815217391304348,6.6677169738863284,1204.0,24.078116999487964,42.0,33.125,8.242181899641578,157.72,19.49413082437276,37.5,29.21195652173913,5.792066692268306,110.63,26.005616359447004,40.5,35.73097826086956,8.525309779825909,160.02,18.51879554141937,1.9036269430051813,26.88695652173913,4.687590737613532,0.0,27.966083611420093,41.5,27.95108695652174,13.27050117414411,132.03,26.705082565284176,42.0,33.35326086956522,12.305682923707117,1023.04,27.693181643625195,42.3,34.589130434782604,13.1751952124936,1101.27,22.48182923707117,37.5,30.52173913043478,12.472300947260626,663.02,28.6929640296979,45.0,35.45108695652174,14.537155017921146,1083.05,24.327922427035332,39.0,30.676086956521736,10.574297875064003,1143.39,28.858777521761393,44.2,34.7625,16.154015616999487,1074.89,18.478552867383513,33.5,23.680434782608696,9.358134280593958,1335.85,27.005350102406556,41.5,33.92826086956522,12.547981310803891,1246.27,19.45099802249413,7.0,28.395652173913046,9.282219441354592,0.0,26.79284690220174,42.5,34.68695652173913,12.443605350742446,789.47,32.168278024966014,24.0,40.40760869565217,15.611775429489557,0.0,34.14651773575578,26.5,43.255434782608695,12.934643430972686,0.0,23.8858144852305,16.0,31.880434782608695,6.614907767890248,0.0,30.59223674453096,27.0,37.904347826086955,16.62449635397355,0.0,33.949428377209244,28.0,43.06521739130435,18.871293721418862,0.0,36.563318811024594,25.0,44.72282608695652,18.177594549499442,0.0,29.93404863428501,28.5,37.36413043478261,16.07095074774441,0.0,,,,,0.0,35.577672171018946,46.8,39.37771739130435,19.5172465437788,0.0,34.25634344598054,46.2,39.27391304347826,20.68692908346134,118.82000000000001,34.20609318996416,51.0,42.72282608695652,20.643584869431646,82.28,31.12877944188428,42.5,34.32445652173913,22.26351958525346,43.0,32.78009792626728,42.0,35.12391304347826,21.980238095238093,210.26,,,,,0.0,35.57532130056324,21.5,42.94565217391305,19.498069636456734,0.0,,,,,0.0,35.51130577184526,21.0,42.80978260869565,20.072197503398836,0.0,31.681077188940094,43.0,34.654347826086955,21.506368407578083,11.4,35.077664785930914,47.0,42.73913043478261,21.23082815482009,180.57,32.225038402457756,48.0,41.06521739130435,18.574137224782387,251.27,33.26116807475679,47.3,40.31195652173913,18.014493727598566,328.06,32.71910522273426,51.0,40.33152173913044,18.550636840757807,993.27,31.296977086533534,47.0,38.43478260869565,17.18094278033794,0.0,31.108709037378393,47.0,37.78695652173913,19.250504572982326,544.22,34.20128275244098,23.8,41.67989130434783,17.723634152585763,628.25,30.360154249871993,47.5,38.42391304347826,19.222938428059397,0.0,30.85146953405018,45.3,37.12391304347826,,0.0,,,,17.889552280311456,238.48,31.598370875046346,20.5,39.45652173913044,19.906198156682027,437.55,32.17941756272401,46.3,39.74891304347826,16.44378200204813,0.0,30.212923707117255,47.4,37.96847826086957,,0.0,,,,18.080811086392288,1057.99,31.087145439377085,21.5,38.60597826086956,17.486502176139272,4874.15,29.707756016385048,45.5,36.44456521739131,18.346221909313307,31.364562660010236,47.07,38.72630434782609,,29.07256055544437,15.139398456024292,414.5546296296297
