{
  "Astore": {
    "max_trend_per_decade": 0.23754423296746763,
    "min_trend_per_decade": 0.07517646409804687,
    "forecast_2037_max": 16.003961323607605,
    "forecast_2037_min": 3.6426219791162637
  },
  "Bunji": {
    "max_trend_per_decade": 0.5716329093961007,
    "min_trend_per_decade": 0.3773510816215841,
    "forecast_2037_max": 25.588023138526495,
    "forecast_2037_min": 12.636611148831221
  },
  "Chilas": {
    "max_trend_per_decade": 0.12946853711097656,
    "min_trend_per_decade": 0.06631651904928329,
    "forecast_2037_max": 26.81238552692376,
    "forecast_2037_min": 14.619139655574354
  },
  "Darosh": {
    "max_trend_per_decade": -0.17921966706367923,
    "min_trend_per_decade": -0.5537703161436183,
    "forecast_2037_max": 22.84823288817642,
    "forecast_2037_min": 8.081170285113188
  },
  "Gilgit": {
    "max_trend_per_decade": 0.20286802509142549,
    "min_trend_per_decade": -0.08035396739168349,
    "forecast_2037_max": 24.92137700481458,
    "forecast_2037_min": 7.323509169808265
  },
  "Gupis": {
    "max_trend_per_decade": 0.4004455349180104,
    "min_trend_per_decade": -0.16060992678371672,
    "forecast_2037_max": 20.134326429575026,
    "forecast_2037_min": 5.341464026231115
  },
  "Quetta": {
    "max_trend_per_decade": 0.13042264009482796,
    "min_trend_per_decade": 0.05705468594798098,
    "forecast_2037_max": 25.02020913830255,
    "forecast_2037_min": 7.680126415832509
  },
  "Skardu": {
    "max_trend_per_decade": 0.22628375369260292,
    "min_trend_per_decade": -0.312955291057175,
    "forecast_2037_max": 19.54168175845993,
    "forecast_2037_min": 3.2837336233003853
  },
  "Zhob": {
    "max_trend_per_decade": -0.061763236219147054,
    "min_trend_per_decade": -0.45430241172168034,
    "forecast_2037_max": 25.811781568041035,
    "forecast_2037_min": 9.633054565380007
  },
  "National": {
    "max_trend_per_decade": 0.1914804106613624,
    "min_trend_per_decade": -0.11000945132363175,
    "forecast_2037_max": 22.991839501743804,
    "forecast_2037_min": 8.025173015860904
  }
}